▲ Next.js 16.3.3 (Turbopack)
- Local:         http://localhost:3100
- Network:       http://10.192.184.183:3100
✓ Ready in 1056ms
✓ Running next.config.js took 55ms

 GET /k01/morning-waste 200 in 1714ms (next.js: 1404ms, application-code: 311ms)
 GET /k01/morning-waste 200 in 4.0s (next.js: 3.9s, application-code: 57ms)
 GET /k01/morning-waste 200 in 160ms (next.js: 105ms, application-code: 55ms)
 GET /k01/morning-waste 200 in 158ms (next.js: 106ms, application-code: 52ms)
 GET /k01/morning-waste 200 in 165ms (next.js: 111ms, application-code: 53ms)
 GET /k01/morning-waste 200 in 167ms (next.js: 108ms, application-code: 59ms)
 GET /k01/morning-waste 200 in 181ms (next.js: 123ms, application-code: 59ms)
 GET /k01/morning-waste 200 in 157ms (next.js: 106ms, application-code: 51ms)
 GET /k01/morning-waste 200 in 153ms (next.js: 107ms, application-code: 46ms)
 GET /k01/morning-waste 200 in 152ms (next.js: 104ms, application-code: 49ms)
 GET /k01/morning-waste 200 in 164ms (next.js: 109ms, application-code: 55ms)
 GET /k01/morning-waste 200 in 181ms (next.js: 116ms, application-code: 65ms)
 GET /k01/morning-waste 200 in 173ms (next.js: 96ms, application-code: 77ms)
 GET /k01/home 200 in 1140ms (next.js: 1074ms, application-code: 66ms)
✓ Compiled in 431ms
 GET /k01/home 200 in 161ms (next.js: 112ms, application-code: 49ms)
 GET /k01/home 200 in 168ms (next.js: 115ms, application-code: 53ms)
✓ Compiled in 201ms
 GET /k01/home 200 in 169ms (next.js: 122ms, application-code: 47ms)
✓ Compiled in 179ms
✓ Compiled in 254ms
 GET /k01/home 200 in 261ms (next.js: 143ms, application-code: 118ms)
 GET /forbidden?reason=kiosk 200 in 239ms (next.js: 54ms, application-code: 184ms)
✓ Compiled in 168ms
 GET /forbidden?reason=kiosk 200 in 47ms (next.js: 8ms, application-code: 38ms)
 GET /forbidden?reason=kiosk 200 in 35ms (next.js: 6ms, application-code: 30ms)
 GET /k01/home 200 in 219ms (next.js: 100ms, application-code: 118ms)
 GET /forbidden?reason=kiosk 200 in 71ms (next.js: 9ms, application-code: 62ms)
 GET /enter?token=a658d9bfb21247ae8f03dc7bf181a660 200 in 142ms (next.js: 63ms, application-code: 79ms)
 GET /k01/home 200 in 187ms (next.js: 123ms, application-code: 64ms)
 GET /k01/home 200 in 68ms (next.js: 5ms, application-code: 63ms)
 GET /login?return=k01 200 in 145ms (next.js: 57ms, application-code: 88ms)
 GET /k01/morning-waste 200 in 198ms (next.js: 117ms, application-code: 81ms)
 GET /k01/morning-waste 200 in 173ms (next.js: 106ms, application-code: 67ms)
 GET /login 200 in 63ms (next.js: 6ms, application-code: 57ms)
[browser] [GSI_LOGGER]: FedCM get() rejects with AbortError: signal is aborted without reason 
    at _.H (https://accounts.google.com/gsi/client:88:89)
    at _.Zu.ma (https://accounts.google.com/gsi/client:355:353)
    at Object.ma (https://accounts.google.com/gsi/client:357:416)
    at <unknown> (https://accounts.google.com/gsi/client:315:935) (https://accounts.google.com/gsi/client:88:89)
 GET /k01/home 200 in 299ms (next.js: 207ms, application-code: 91ms)
 GET /login?return=k01 200 in 77ms (next.js: 6ms, application-code: 70ms)
 GET /k01 200 in 1095ms (next.js: 1057ms, application-code: 38ms)
 GET /login?return=k01 200 in 63ms (next.js: 5ms, application-code: 58ms)
 GET /k01 200 in 149ms (next.js: 106ms, application-code: 43ms)
 GET /k01 200 in 38ms (next.js: 7ms, application-code: 31ms)
[browser] [GSI_LOGGER]: FedCM get() rejects with NetworkError: Error retrieving a token. 
    at _.H (https://accounts.google.com/gsi/client:88:89)
    at _.Zu.ma (https://accounts.google.com/gsi/client:355:353)
    at Object.ma (https://accounts.google.com/gsi/client:357:416)
    at <unknown> (https://accounts.google.com/gsi/client:315:935) (https://accounts.google.com/gsi/client:88:89)
 GET /k01/damaged-product 404 in 126ms (next.js: 63ms, application-code: 62ms)
 GET /k01/food-waste 404 in 68ms (next.js: 7ms, application-code: 61ms)
 GET /k01/morning-waste 200 in 186ms (next.js: 120ms, application-code: 66ms)
 GET /k01/morning-waste 200 in 184ms (next.js: 99ms, application-code: 85ms)
 GET /k01/morning-waste 200 in 179ms (next.js: 108ms, application-code: 71ms)
 POST /api/process-now 500 in 179ms (next.js: 129ms, application-code: 50ms)
 GET /k01/morning-waste 200 in 340ms (next.js: 252ms, application-code: 88ms)
 GET /k01/morning-waste 200 in 102ms (next.js: 12ms, application-code: 89ms)
 GET /k01/morning-waste 200 in 114ms (next.js: 11ms, application-code: 103ms)
 GET /k01/morning-waste 200 in 66ms (next.js: 7ms, application-code: 60ms)
 GET /k01/morning-waste 200 in 133ms (next.js: 9ms, application-code: 123ms)
 GET /k01/morning-waste 200 in 117ms (next.js: 10ms, application-code: 107ms)
 GET /k01/morning-waste 200 in 127ms (next.js: 7ms, application-code: 121ms)
 GET /k01/morning-waste 200 in 58ms (next.js: 8ms, application-code: 50ms)
 GET /k01/morning-waste 200 in 130ms (next.js: 8ms, application-code: 122ms)
 GET /k01/morning-waste 200 in 83ms (next.js: 11ms, application-code: 72ms)
 GET /k01/morning-waste 200 in 137ms (next.js: 10ms, application-code: 128ms)
 GET /k01/morning-waste 200 in 127ms (next.js: 8ms, application-code: 120ms)
 GET /k01/morning-waste 200 in 111ms (next.js: 8ms, application-code: 104ms)
 GET /k01/morning-waste 200 in 108ms (next.js: 7ms, application-code: 100ms)
 GET /k01/morning-waste 200 in 72ms (next.js: 8ms, application-code: 64ms)
 GET /k01/morning-waste 200 in 212ms (next.js: 102ms, application-code: 110ms)
 GET /k01/morning-waste 200 in 110ms (next.js: 6ms, application-code: 103ms)
 GET /k01/morning-waste 200 in 96ms (next.js: 7ms, application-code: 89ms)
 GET /k01/morning-waste 200 in 98ms (next.js: 6ms, application-code: 92ms)
 GET /k01/morning-waste 200 in 101ms (next.js: 5ms, application-code: 95ms)
 GET /k01/morning-waste 200 in 99ms (next.js: 7ms, application-code: 93ms)
 GET /k01/morning-waste 200 in 95ms (next.js: 6ms, application-code: 89ms)
 GET /k01/morning-waste 200 in 102ms (next.js: 6ms, application-code: 96ms)
 GET /k01/morning-waste 200 in 62ms (next.js: 7ms, application-code: 55ms)
 GET /k01/morning-waste 200 in 93ms (next.js: 7ms, application-code: 87ms)
 GET /k01/morning-waste 200 in 96ms (next.js: 6ms, application-code: 90ms)
 GET /k01/morning-waste 200 in 86ms (next.js: 5ms, application-code: 80ms)
 GET /k01/morning-waste 200 in 53ms (next.js: 5ms, application-code: 48ms)
 GET /k01/morning-waste 200 in 100ms (next.js: 8ms, application-code: 93ms)
 GET /k01/morning-waste 200 in 104ms (next.js: 7ms, application-code: 97ms)
 GET /k01/morning-waste 200 in 151ms (next.js: 11ms, application-code: 141ms)
 GET /k01/morning-waste 200 in 241ms (next.js: 7ms, application-code: 234ms)
 GET /k01/morning-waste 200 in 199ms (next.js: 95ms, application-code: 104ms)
 GET /k01/morning-waste 200 in 102ms (next.js: 6ms, application-code: 96ms)
 GET /k01/morning-waste 200 in 113ms (next.js: 7ms, application-code: 107ms)
 GET /k01/morning-waste 200 in 120ms (next.js: 8ms, application-code: 112ms)
 GET /k01/morning-waste 200 in 112ms (next.js: 7ms, application-code: 105ms)
 GET /k01/morning-waste 200 in 102ms (next.js: 9ms, application-code: 93ms)
 GET /k01/morning-waste 200 in 56ms (next.js: 8ms, application-code: 48ms)
 GET /k01/morning-waste 200 in 43ms (next.js: 6ms, application-code: 37ms)
 GET /k01/home 200 in 339ms (next.js: 114ms, application-code: 226ms)
 GET /k01/home 200 in 181ms (next.js: 99ms, application-code: 82ms)
 GET /k01/fridge-count 200 in 1951ms (next.js: 1867ms, application-code: 85ms)
✓ Compiled in 205ms
✓ Compiled in 94ms
✓ Compiled in 164ms
✓ Compiled in 163ms
 GET /k01 200 in 340ms (next.js: 125ms, application-code: 214ms)
 GET /k01/fridge-count 200 in 169ms (next.js: 117ms, application-code: 52ms)
✓ Compiled in 398ms
 GET /k01 200 in 334ms (next.js: 124ms, application-code: 209ms)
 GET /k01/fridge-count 200 in 333ms (next.js: 281ms, application-code: 52ms)
✓ Compiled in 150ms
 GET /k01/fridge-count 200 in 367ms (next.js: 301ms, application-code: 66ms)
 GET /k01 200 in 371ms (next.js: 130ms, application-code: 241ms)
 GET /k01/fridge-count 200 in 185ms (next.js: 98ms, application-code: 87ms)
 GET /k01/home 200 in 175ms (next.js: 108ms, application-code: 66ms)
 GET /k01 200 in 363ms (next.js: 114ms, application-code: 249ms)
 GET /k01/home 200 in 196ms (next.js: 139ms, application-code: 57ms)
 GET /k01/home 200 in 171ms (next.js: 102ms, application-code: 70ms)
✓ Compiled in 148ms
 GET /k01 200 in 191ms (next.js: 109ms, application-code: 83ms)
 GET /k01/home 200 in 216ms (next.js: 142ms, application-code: 74ms)
 GET /k01/fridge-count 200 in 187ms (next.js: 110ms, application-code: 77ms)
✓ Compiled in 149ms
 GET /k01/fridge-count 200 in 379ms (next.js: 120ms, application-code: 259ms)
 GET /k01 200 in 379ms (next.js: 303ms, application-code: 77ms)
 GET /k01/fridge-count 200 in 172ms (next.js: 98ms, application-code: 73ms)
 GET /k01/morning-waste 200 in 180ms (next.js: 107ms, application-code: 73ms)
 GET /k01/home 200 in 165ms (next.js: 96ms, application-code: 70ms)
✓ Compiled in 139ms
 GET /k01 200 in 238ms (next.js: 173ms, application-code: 65ms)
 GET /k01/home 200 in 242ms (next.js: 12ms, application-code: 230ms)
✓ Compiled in 153ms
✓ Compiled in 70ms
 GET /k01/fridge-count 200 in 252ms (next.js: 159ms, application-code: 92ms)
 GET /k01 200 in 248ms (next.js: 171ms, application-code: 77ms)
 POST /api/process-now 500 in 96ms (next.js: 57ms, application-code: 39ms)
 GET /k01/home 200 in 154ms (next.js: 90ms, application-code: 64ms)
 GET /k01/fridge-count 200 in 137ms (next.js: 87ms, application-code: 50ms)
✓ Compiled in 77ms
 GET /k01/fridge-count 200 in 492ms (next.js: 190ms, application-code: 303ms)
 GET /k01/home 200 in 493ms (next.js: 313ms, application-code: 179ms)
 GET /k01/fridge-count 200 in 151ms (next.js: 11ms, application-code: 140ms)
 GET /k01/home 200 in 191ms (next.js: 69ms, application-code: 123ms)
 GET /k01/fridge-count 200 in 163ms (next.js: 19ms, application-code: 144ms)
 GET /k01/home 200 in 148ms (next.js: 9ms, application-code: 140ms)
 GET /k01/fridge-count 200 in 152ms (next.js: 7ms, application-code: 145ms)
 GET /k01/home 200 in 147ms (next.js: 8ms, application-code: 139ms)
 GET /k01/fridge-count 200 in 147ms (next.js: 10ms, application-code: 137ms)
 GET /k01/home 200 in 105ms (next.js: 8ms, application-code: 97ms)
 GET /k01/fridge-count 200 in 126ms (next.js: 12ms, application-code: 114ms)
 GET /k01/home 200 in 121ms (next.js: 7ms, application-code: 114ms)
 GET /k01/fridge-count 200 in 128ms (next.js: 6ms, application-code: 122ms)
 GET /k01/home 200 in 133ms (next.js: 8ms, application-code: 125ms)
 GET /k01/fridge-count 200 in 262ms (next.js: 42ms, application-code: 220ms)
 GET /k01/home 200 in 308ms (next.js: 9ms, application-code: 299ms)
 GET /k01/fridge-count 200 in 342ms (next.js: 129ms, application-code: 213ms)
 GET /k01/home 200 in 203ms (next.js: 82ms, application-code: 121ms)
 GET /k01/fridge-count 200 in 244ms (next.js: 116ms, application-code: 128ms)
 GET /k01/home 200 in 137ms (next.js: 6ms, application-code: 131ms)
 GET /k01/fridge-count 200 in 169ms (next.js: 36ms, application-code: 132ms)
 GET /k01/home 200 in 133ms (next.js: 7ms, application-code: 126ms)
 GET /k01/fridge-count 200 in 162ms (next.js: 42ms, application-code: 120ms)
 GET /k01/home 200 in 121ms (next.js: 6ms, application-code: 115ms)
 GET /k01/fridge-count 200 in 150ms (next.js: 44ms, application-code: 107ms)
 GET /k01/home 200 in 116ms (next.js: 6ms, application-code: 110ms)
 GET /k01/fridge-count 200 in 142ms (next.js: 35ms, application-code: 107ms)
 GET /k01/home 200 in 122ms (next.js: 6ms, application-code: 116ms)
 GET /k01/fridge-count 200 in 149ms (next.js: 35ms, application-code: 114ms)
 GET /k01/home 200 in 128ms (next.js: 7ms, application-code: 121ms)
 GET /k01/fridge-count 200 in 242ms (next.js: 40ms, application-code: 202ms)
 GET /k01/home 200 in 301ms (next.js: 5ms, application-code: 295ms)
 GET /k01/fridge-count 200 in 328ms (next.js: 122ms, application-code: 207ms)
 GET /k01/home 200 in 212ms (next.js: 88ms, application-code: 124ms)
 GET /k01/fridge-count 200 in 242ms (next.js: 128ms, application-code: 114ms)
 GET /k01/home 200 in 128ms (next.js: 5ms, application-code: 123ms)
 GET /k01/fridge-count 200 in 127ms (next.js: 8ms, application-code: 119ms)
 GET /k01/home 200 in 125ms (next.js: 13ms, application-code: 112ms)
 GET /k01/fridge-count 200 in 116ms (next.js: 7ms, application-code: 109ms)
 GET /k01/home 200 in 114ms (next.js: 7ms, application-code: 107ms)
 GET /k01/fridge-count 200 in 141ms (next.js: 36ms, application-code: 105ms)
 GET /k01/home 200 in 110ms (next.js: 6ms, application-code: 104ms)
 GET /k01/fridge-count 200 in 85ms (next.js: 8ms, application-code: 76ms)
 GET /k01/home 200 in 47ms (next.js: 7ms, application-code: 40ms)
 GET /k01/staff-food 200 in 1671ms (next.js: 1466ms, application-code: 205ms)
 POST /api/process-now 500 in 58ms (next.js: 42ms, application-code: 16ms)
 GET /k01/home 200 in 158ms (next.js: 85ms, application-code: 73ms)
✓ Compiled in 123ms
 GET /k01/fridge-count 200 in 595ms (next.js: 230ms, application-code: 365ms)
 GET /k01/home 200 in 594ms (next.js: 407ms, application-code: 187ms)
 GET /k01/fridge-count 200 in 176ms (next.js: 11ms, application-code: 166ms)
 GET /k01/home 200 in 214ms (next.js: 64ms, application-code: 150ms)
 GET /k01/fridge-count 200 in 162ms (next.js: 7ms, application-code: 155ms)
 GET /k01/home 200 in 209ms (next.js: 51ms, application-code: 158ms)
 GET /k01/fridge-count 200 in 166ms (next.js: 8ms, application-code: 158ms)
 GET /k01/home 200 in 164ms (next.js: 11ms, application-code: 154ms)
 GET /k01/fridge-count 200 in 147ms (next.js: 8ms, application-code: 139ms)
 GET /k01/home 200 in 164ms (next.js: 11ms, application-code: 153ms)
 GET /k01/fridge-count 200 in 156ms (next.js: 8ms, application-code: 148ms)
 GET /k01/home 200 in 154ms (next.js: 17ms, application-code: 137ms)
 GET /k01/fridge-count 200 in 241ms (next.js: 8ms, application-code: 233ms)
 GET /k01/home 200 in 324ms (next.js: 7ms, application-code: 317ms)
 GET /k01/fridge-count 200 in 328ms (next.js: 105ms, application-code: 223ms)
 GET /k01/home 200 in 214ms (next.js: 92ms, application-code: 123ms)
 GET /k01/fridge-count 200 in 119ms (next.js: 6ms, application-code: 113ms)
 GET /k01/home 200 in 124ms (next.js: 7ms, application-code: 117ms)
 GET /k01/fridge-count 200 in 90ms (next.js: 6ms, application-code: 84ms)
 GET /k01/home 200 in 134ms (next.js: 8ms, application-code: 126ms)
 GET /k01/fridge-count 200 in 134ms (next.js: 9ms, application-code: 125ms)
 GET /k01/home 200 in 168ms (next.js: 44ms, application-code: 124ms)
 GET /k01/fridge-count 200 in 131ms (next.js: 8ms, application-code: 123ms)
 GET /k01/home 200 in 145ms (next.js: 8ms, application-code: 138ms)
 GET /k01/fridge-count 200 in 136ms (next.js: 7ms, application-code: 129ms)
 GET /k01/home 200 in 136ms (next.js: 9ms, application-code: 126ms)
 GET /k01/fridge-count 200 in 120ms (next.js: 6ms, application-code: 114ms)
 GET /k01/home 200 in 124ms (next.js: 9ms, application-code: 115ms)
 GET /k01/fridge-count 200 in 201ms (next.js: 8ms, application-code: 193ms)
 GET /k01/home 200 in 234ms (next.js: 36ms, application-code: 199ms)
 GET /k01/fridge-count 200 in 216ms (next.js: 85ms, application-code: 131ms)
 GET /k01/home 200 in 330ms (next.js: 118ms, application-code: 211ms)
 GET /k01/fridge-count 200 in 220ms (next.js: 7ms, application-code: 213ms)
 GET /k01/home 200 in 251ms (next.js: 124ms, application-code: 127ms)
 GET /k01/fridge-count 200 in 150ms (next.js: 7ms, application-code: 144ms)
 GET /k01/home 200 in 181ms (next.js: 40ms, application-code: 141ms)
 GET /k01/fridge-count 200 in 133ms (next.js: 6ms, application-code: 126ms)
 GET /k01/home 200 in 162ms (next.js: 48ms, application-code: 114ms)
 GET /k01/fridge-count 200 in 127ms (next.js: 6ms, application-code: 121ms)
 GET /k01/home 200 in 166ms (next.js: 37ms, application-code: 129ms)
 GET /k01/fridge-count 200 in 153ms (next.js: 6ms, application-code: 147ms)
 GET /k01/home 200 in 195ms (next.js: 45ms, application-code: 150ms)
 GET /k01/fridge-count 200 in 152ms (next.js: 8ms, application-code: 144ms)
 GET /k01/home 200 in 160ms (next.js: 9ms, application-code: 151ms)
 GET /k01/fridge-count 200 in 221ms (next.js: 12ms, application-code: 210ms)
 GET /k01/home 200 in 215ms (next.js: 21ms, application-code: 194ms)
 GET /k01/fridge-count 200 in 153ms (next.js: 83ms, application-code: 71ms)
 GET /k01/home 200 in 42ms (next.js: 8ms, application-code: 34ms)
✓ Compiled in 77ms
 GET /k01/fridge-count 200 in 252ms (next.js: 92ms, application-code: 160ms)
 GET /k01/home 200 in 251ms (next.js: 210ms, application-code: 42ms)
 GET /k01/food-waste 200 in 1469ms (next.js: 1305ms, application-code: 164ms)
 GET /k01/fridge-count 200 in 340ms (next.js: 236ms, application-code: 104ms)
 GET /k01/fridge-count 200 in 82ms (next.js: 6ms, application-code: 75ms)
 GET /k01/fridge-count 200 in 119ms (next.js: 4ms, application-code: 114ms)
 GET /k01/fridge-count 200 in 125ms (next.js: 7ms, application-code: 118ms)
 GET /k01/fridge-count 200 in 50ms (next.js: 5ms, application-code: 45ms)
 GET /k01/fridge-count 200 in 85ms (next.js: 7ms, application-code: 79ms)
 GET /k01/fridge-count 200 in 104ms (next.js: 5ms, application-code: 99ms)
 GET /k01/fridge-count 200 in 100ms (next.js: 6ms, application-code: 95ms)
 GET /k01/fridge-count 200 in 105ms (next.js: 6ms, application-code: 99ms)
 GET /k01/fridge-count 200 in 107ms (next.js: 5ms, application-code: 101ms)
 GET /k01/fridge-count 200 in 106ms (next.js: 8ms, application-code: 98ms)
 GET /k01/fridge-count 200 in 59ms (next.js: 5ms, application-code: 54ms)
 GET /k01/fridge-count 200 in 231ms (next.js: 7ms, application-code: 224ms)
 GET /k01/fridge-count 200 in 83ms (next.js: 5ms, application-code: 79ms)
 GET /k01/fridge-count 200 in 80ms (next.js: 6ms, application-code: 74ms)
 GET /k01/fridge-count 200 in 76ms (next.js: 6ms, application-code: 70ms)
 GET /k01/fridge-count 200 in 75ms (next.js: 5ms, application-code: 70ms)
 GET /k01/fridge-count 200 in 171ms (next.js: 5ms, application-code: 166ms)
 GET /k01/fridge-count 200 in 164ms (next.js: 83ms, application-code: 81ms)
 GET /k01/fridge-count 200 in 81ms (next.js: 5ms, application-code: 75ms)
 GET /k01/fridge-count 200 in 81ms (next.js: 5ms, application-code: 76ms)
 GET /k01/fridge-count 200 in 72ms (next.js: 5ms, application-code: 67ms)
 GET /k01/fridge-count 200 in 71ms (next.js: 6ms, application-code: 65ms)
 GET /k01/fridge-count 200 in 75ms (next.js: 5ms, application-code: 70ms)
 GET /k01/fridge-count 200 in 75ms (next.js: 5ms, application-code: 71ms)
 GET /k01/fridge-count 200 in 36ms (next.js: 5ms, application-code: 31ms)
 GET /k01/damaged-product 200 in 1455ms (next.js: 1280ms, application-code: 175ms)
 GET /k01/weekly-stocktake 404 in 80ms (next.js: 24ms, application-code: 55ms)
 GET /k01/move-stock 404 in 59ms (next.js: 9ms, application-code: 50ms)
 GET /k01/help-issues 404 in 55ms (next.js: 5ms, application-code: 50ms)
 GET /k01/delivery-invoices 404 in 51ms (next.js: 6ms, application-code: 45ms)
 GET /k01/damaged-product 200 in 146ms (next.js: 86ms, application-code: 60ms)
 GET /k01/delivery-invoices 404 in 57ms (next.js: 7ms, application-code: 50ms)
✓ Compiled in 596ms
 GET /k01/fridge-count 200 in 800ms (next.js: 473ms, application-code: 328ms)
 GET /k01/home 200 in 800ms (next.js: 613ms, application-code: 187ms)
 GET /k01/fridge-count 200 in 182ms (next.js: 11ms, application-code: 171ms)
 GET /k01/home 200 in 216ms (next.js: 78ms, application-code: 138ms)
 GET /k01/fridge-count 200 in 158ms (next.js: 9ms, application-code: 150ms)
 GET /k01/home 200 in 158ms (next.js: 38ms, application-code: 120ms)
 GET /k01/fridge-count 200 in 162ms (next.js: 11ms, application-code: 151ms)
 GET /k01/home 200 in 161ms (next.js: 37ms, application-code: 125ms)
 GET /k01/fridge-count 200 in 158ms (next.js: 10ms, application-code: 148ms)
 GET /k01/home 200 in 158ms (next.js: 38ms, application-code: 120ms)
 GET /k01/fridge-count 200 in 131ms (next.js: 13ms, application-code: 119ms)
 GET /k01/home 200 in 157ms (next.js: 38ms, application-code: 119ms)
 GET /k01/fridge-count 200 in 123ms (next.js: 7ms, application-code: 116ms)
 GET /k01/home 200 in 155ms (next.js: 38ms, application-code: 117ms)
 GET /k01/fridge-count 200 in 129ms (next.js: 6ms, application-code: 122ms)
 GET /k01/home 200 in 164ms (next.js: 36ms, application-code: 128ms)
 GET /k01/fridge-count 200 in 203ms (next.js: 7ms, application-code: 197ms)
 GET /k01/home 200 in 333ms (next.js: 41ms, application-code: 292ms)
 GET /k01/fridge-count 200 in 294ms (next.js: 83ms, application-code: 211ms)
 GET /k01/home 200 in 322ms (next.js: 198ms, application-code: 124ms)
 GET /k01/fridge-count 200 in 120ms (next.js: 8ms, application-code: 112ms)
 GET /k01/home 200 in 152ms (next.js: 36ms, application-code: 117ms)
 GET /k01/fridge-count 200 in 131ms (next.js: 6ms, application-code: 124ms)
 GET /k01/home 200 in 161ms (next.js: 35ms, application-code: 125ms)
 GET /k01/fridge-count 200 in 132ms (next.js: 9ms, application-code: 123ms)
 GET /k01/home 200 in 156ms (next.js: 46ms, application-code: 111ms)
 GET /k01/fridge-count 200 in 120ms (next.js: 6ms, application-code: 114ms)
 GET /k01/home 200 in 162ms (next.js: 35ms, application-code: 128ms)
 GET /k01/fridge-count 200 in 137ms (next.js: 6ms, application-code: 131ms)
 GET /k01/home 200 in 170ms (next.js: 39ms, application-code: 131ms)
 GET /k01/fridge-count 200 in 127ms (next.js: 6ms, application-code: 121ms)
 GET /k01/home 200 in 158ms (next.js: 39ms, application-code: 118ms)
 GET /k01/fridge-count 200 in 126ms (next.js: 7ms, application-code: 119ms)
 GET /k01/home 200 in 163ms (next.js: 39ms, application-code: 124ms)
 GET /k01/fridge-count 200 in 206ms (next.js: 6ms, application-code: 201ms)
 GET /k01/home 200 in 243ms (next.js: 39ms, application-code: 203ms)
 GET /k01/fridge-count 200 in 210ms (next.js: 83ms, application-code: 127ms)
 GET /k01/home 200 in 324ms (next.js: 116ms, application-code: 209ms)
 GET /k01/fridge-count 200 in 218ms (next.js: 7ms, application-code: 211ms)
 GET /k01/home 200 in 247ms (next.js: 120ms, application-code: 127ms)
 GET /k01/fridge-count 200 in 123ms (next.js: 6ms, application-code: 117ms)
 GET /k01/home 200 in 153ms (next.js: 37ms, application-code: 116ms)
 GET /k01/fridge-count 200 in 131ms (next.js: 6ms, application-code: 125ms)
 GET /k01/home 200 in 174ms (next.js: 37ms, application-code: 137ms)
 GET /k01/fridge-count 200 in 145ms (next.js: 7ms, application-code: 138ms)
 GET /k01/home 200 in 188ms (next.js: 46ms, application-code: 142ms)
 GET /k01/fridge-count 200 in 216ms (next.js: 6ms, application-code: 209ms)
 GET /k01/home 200 in 250ms (next.js: 41ms, application-code: 209ms)
 GET /k01/fridge-count 200 in 297ms (next.js: 9ms, application-code: 288ms)
 GET /k01/home 200 in 333ms (next.js: 111ms, application-code: 222ms)
 GET /k01/fridge-count 200 in 232ms (next.js: 95ms, application-code: 137ms)
 GET /k01/home 200 in 216ms (next.js: 10ms, application-code: 207ms)
 GET /k01/fridge-count 200 in 206ms (next.js: 9ms, application-code: 197ms)
 GET /k01/home 200 in 204ms (next.js: 88ms, application-code: 115ms)
 GET /k01/fridge-count 200 in 78ms (next.js: 6ms, application-code: 71ms)
 GET /k01/home 200 in 41ms (next.js: 5ms, application-code: 36ms)
 GET /k01/home 200 in 254ms (next.js: 90ms, application-code: 164ms)
 GET /k01/fridge-count 200 in 254ms (next.js: 213ms, application-code: 41ms)
 GET /k01/home 200 in 264ms (next.js: 81ms, application-code: 183ms)
 GET /k01/fridge-count 200 in 262ms (next.js: 209ms, application-code: 53ms)
 GET /k01/fridge-count 200 in 275ms (next.js: 97ms, application-code: 178ms)
 GET /k01/home 200 in 276ms (next.js: 224ms, application-code: 51ms)
✓ Compiled in 75ms
 GET /k01/fridge-count 200 in 426ms (next.js: 179ms, application-code: 246ms)
 GET /k01/home 200 in 426ms (next.js: 337ms, application-code: 89ms)
 GET /k01/fridge-count 200 in 153ms (next.js: 20ms, application-code: 133ms)
 GET /k01/home 200 in 183ms (next.js: 54ms, application-code: 129ms)
 GET /k01/fridge-count 200 in 126ms (next.js: 9ms, application-code: 117ms)
 GET /k01/home 200 in 150ms (next.js: 38ms, application-code: 112ms)
 GET /k01/fridge-count 200 in 110ms (next.js: 6ms, application-code: 104ms)
 GET /k01/home 200 in 141ms (next.js: 33ms, application-code: 108ms)
 GET /k01/fridge-count 200 in 118ms (next.js: 9ms, application-code: 109ms)
 GET /k01/home 200 in 124ms (next.js: 8ms, application-code: 116ms)
 GET /k01/fridge-count 200 in 121ms (next.js: 6ms, application-code: 115ms)
 GET /k01/home 200 in 125ms (next.js: 8ms, application-code: 118ms)
 GET /k01/fridge-count 200 in 126ms (next.js: 8ms, application-code: 119ms)
 GET /k01/home 200 in 160ms (next.js: 35ms, application-code: 126ms)
 GET /k01/fridge-count 200 in 202ms (next.js: 8ms, application-code: 194ms)
 GET /k01/home 200 in 236ms (next.js: 37ms, application-code: 199ms)
 GET /k01/fridge-count 200 in 195ms (next.js: 81ms, application-code: 113ms)
 GET /k01/home 200 in 305ms (next.js: 112ms, application-code: 194ms)
 GET /k01/fridge-count 200 in 194ms (next.js: 6ms, application-code: 188ms)
 GET /k01/home 200 in 223ms (next.js: 108ms, application-code: 115ms)
 GET /k01/fridge-count 200 in 107ms (next.js: 5ms, application-code: 102ms)
 GET /k01/home 200 in 131ms (next.js: 30ms, application-code: 101ms)
 GET /k01/fridge-count 200 in 101ms (next.js: 6ms, application-code: 95ms)
 GET /k01/home 200 in 136ms (next.js: 31ms, application-code: 105ms)
 GET /k01/fridge-count 200 in 117ms (next.js: 6ms, application-code: 112ms)
 GET /k01/home 200 in 146ms (next.js: 36ms, application-code: 109ms)
 GET /k01/fridge-count 200 in 115ms (next.js: 5ms, application-code: 110ms)
 GET /k01/home 200 in 144ms (next.js: 39ms, application-code: 105ms)
 GET /k01/fridge-count 200 in 121ms (next.js: 5ms, application-code: 116ms)
 GET /k01/home 200 in 150ms (next.js: 33ms, application-code: 117ms)
 GET /k01/fridge-count 200 in 123ms (next.js: 6ms, application-code: 118ms)
 GET /k01/home 200 in 156ms (next.js: 37ms, application-code: 119ms)
 GET /k01/fridge-count 200 in 213ms (next.js: 7ms, application-code: 206ms)
 GET /k01/home 200 in 251ms (next.js: 39ms, application-code: 212ms)
 GET /k01/fridge-count 200 in 231ms (next.js: 91ms, application-code: 140ms)
 GET /k01/home 200 in 350ms (next.js: 126ms, application-code: 224ms)
 GET /k01/fridge-count 200 in 228ms (next.js: 7ms, application-code: 221ms)
 GET /k01/home 200 in 266ms (next.js: 136ms, application-code: 130ms)
 GET /k01/fridge-count 200 in 148ms (next.js: 7ms, application-code: 141ms)
 GET /k01/home 200 in 176ms (next.js: 41ms, application-code: 135ms)
 GET /k01/fridge-count 200 in 133ms (next.js: 6ms, application-code: 127ms)
 GET /k01/home 200 in 162ms (next.js: 47ms, application-code: 116ms)
 GET /k01/fridge-count 200 in 122ms (next.js: 7ms, application-code: 115ms)
 GET /k01/home 200 in 152ms (next.js: 40ms, application-code: 112ms)
 GET /k01/fridge-count 200 in 116ms (next.js: 6ms, application-code: 109ms)
 GET /k01/home 200 in 149ms (next.js: 36ms, application-code: 113ms)
 GET /k01/fridge-count 200 in 119ms (next.js: 6ms, application-code: 114ms)
 GET /k01/home 200 in 163ms (next.js: 35ms, application-code: 128ms)
 GET /k01/fridge-count 200 in 277ms (next.js: 7ms, application-code: 269ms)
 GET /k01/home 200 in 306ms (next.js: 39ms, application-code: 267ms)
 GET /k01/fridge-count 200 in 370ms (next.js: 86ms, application-code: 285ms)
 GET /k01/home 200 in 371ms (next.js: 178ms, application-code: 193ms)
 GET /k01/fridge-count 200 in 201ms (next.js: 7ms, application-code: 193ms)
 GET /k01/home 200 in 231ms (next.js: 112ms, application-code: 119ms)
 GET /k01/fridge-count 200 in 112ms (next.js: 6ms, application-code: 106ms)
 GET /k01/home 200 in 142ms (next.js: 33ms, application-code: 109ms)
 GET /k01/fridge-count 200 in 113ms (next.js: 6ms, application-code: 107ms)
 GET /k01/home 200 in 139ms (next.js: 32ms, application-code: 107ms)
 GET /k01/fridge-count 200 in 71ms (next.js: 5ms, application-code: 65ms)
 GET /k01/home 200 in 67ms (next.js: 34ms, application-code: 34ms)
✓ Compiled in 82ms
 GET /k01/fridge-count 200 in 526ms (next.js: 254ms, application-code: 272ms)
 GET /k01/home 200 in 525ms (next.js: 387ms, application-code: 138ms)
 GET /k01/fridge-count 200 in 177ms (next.js: 11ms, application-code: 165ms)
 GET /k01/home 200 in 210ms (next.js: 48ms, application-code: 162ms)
 GET /k01/fridge-count 200 in 157ms (next.js: 8ms, application-code: 149ms)
 GET /k01/home 200 in 183ms (next.js: 79ms, application-code: 104ms)
 GET /k01/fridge-count 200 in 109ms (next.js: 6ms, application-code: 103ms)
 GET /k01/home 200 in 136ms (next.js: 32ms, application-code: 104ms)
 GET /k01/fridge-count 200 in 111ms (next.js: 6ms, application-code: 106ms)
 GET /k01/home 200 in 141ms (next.js: 31ms, application-code: 110ms)
 GET /k01/fridge-count 200 in 121ms (next.js: 7ms, application-code: 115ms)
 GET /k01/home 200 in 146ms (next.js: 31ms, application-code: 115ms)
 GET /k01/fridge-count 200 in 123ms (next.js: 11ms, application-code: 112ms)
 GET /k01/home 200 in 144ms (next.js: 39ms, application-code: 105ms)
 GET /k01/fridge-count 200 in 118ms (next.js: 6ms, application-code: 112ms)
 GET /k01/home 200 in 150ms (next.js: 35ms, application-code: 115ms)
 GET /k01/fridge-count 200 in 187ms (next.js: 6ms, application-code: 181ms)
 GET /k01/home 200 in 301ms (next.js: 39ms, application-code: 261ms)
 GET /k01/fridge-count 200 in 274ms (next.js: 77ms, application-code: 197ms)
 GET /k01/home 200 in 308ms (next.js: 185ms, application-code: 123ms)
 GET /k01/fridge-count 200 in 124ms (next.js: 6ms, application-code: 118ms)
 GET /k01/home 200 in 154ms (next.js: 40ms, application-code: 115ms)
 GET /k01/fridge-count 200 in 108ms (next.js: 6ms, application-code: 102ms)
 GET /k01/home 200 in 113ms (next.js: 7ms, application-code: 105ms)
 GET /k01/fridge-count 200 in 115ms (next.js: 5ms, application-code: 109ms)
 GET /k01/home 200 in 118ms (next.js: 8ms, application-code: 111ms)
 GET /k01/fridge-count 200 in 113ms (next.js: 10ms, application-code: 103ms)
 GET /k01/home 200 in 112ms (next.js: 6ms, application-code: 106ms)
 GET /k01/fridge-count 200 in 110ms (next.js: 6ms, application-code: 104ms)
 GET /k01/home 200 in 118ms (next.js: 6ms, application-code: 112ms)
 GET /k01/fridge-count 200 in 93ms (next.js: 7ms, application-code: 86ms)
 GET /k01/home 200 in 153ms (next.js: 38ms, application-code: 116ms)
 GET /k01/home 200 in 159ms (next.js: 43ms, application-code: 116ms)
 GET /k01/fridge-count 200 in 162ms (next.js: 12ms, application-code: 151ms)
 GET /k01/fridge-count 200 in 200ms (next.js: 8ms, application-code: 192ms)
 GET /k01/home 200 in 307ms (next.js: 37ms, application-code: 270ms)
 GET /k01/fridge-count 200 in 269ms (next.js: 79ms, application-code: 191ms)
 GET /k01/home 200 in 297ms (next.js: 181ms, application-code: 116ms)
 GET /k01/fridge-count 200 in 114ms (next.js: 7ms, application-code: 106ms)
 GET /k01/home 200 in 143ms (next.js: 36ms, application-code: 108ms)
 GET /k01/fridge-count 200 in 120ms (next.js: 6ms, application-code: 115ms)
 GET /k01/home 200 in 152ms (next.js: 33ms, application-code: 119ms)
 GET /k01/fridge-count 200 in 124ms (next.js: 8ms, application-code: 117ms)
 GET /k01/home 200 in 155ms (next.js: 44ms, application-code: 111ms)
 GET /k01/fridge-count 200 in 122ms (next.js: 5ms, application-code: 116ms)
 GET /k01/home 200 in 152ms (next.js: 34ms, application-code: 118ms)
 GET /k01/fridge-count 200 in 113ms (next.js: 6ms, application-code: 107ms)
 GET /k01/home 200 in 114ms (next.js: 36ms, application-code: 78ms)
 GET /k01/fridge-count 200 in 121ms (next.js: 6ms, application-code: 115ms)
 GET /k01/home 200 in 128ms (next.js: 9ms, application-code: 120ms)
 GET /k01/fridge-count 200 in 214ms (next.js: 6ms, application-code: 207ms)
 GET /k01/home 200 in 302ms (next.js: 6ms, application-code: 296ms)
 GET /k01/fridge-count 200 in 302ms (next.js: 94ms, application-code: 208ms)
 GET /k01/home 200 in 215ms (next.js: 83ms, application-code: 131ms)
 GET /k01/fridge-count 200 in 134ms (next.js: 16ms, application-code: 118ms)
 GET /k01/home 200 in 219ms (next.js: 36ms, application-code: 183ms)
 GET /k01/fridge-count 200 in 226ms (next.js: 7ms, application-code: 219ms)
 GET /k01/home 200 in 227ms (next.js: 41ms, application-code: 186ms)
 GET /k01/fridge-count 200 in 128ms (next.js: 6ms, application-code: 122ms)
 GET /k01/home 200 in 160ms (next.js: 37ms, application-code: 123ms)
 GET /k01/fridge-count 200 in 112ms (next.js: 5ms, application-code: 107ms)
 GET /k01/home 200 in 141ms (next.js: 37ms, application-code: 104ms)
 GET /k01/fridge-count 200 in 67ms (next.js: 5ms, application-code: 62ms)
 GET /k01/home 200 in 64ms (next.js: 32ms, application-code: 32ms)
 GET /k01/fridge-count 200 in 636ms (next.js: 476ms, application-code: 160ms)
 GET /k01/home 200 in 638ms (next.js: 269ms, application-code: 370ms)
 GET /k01/home 200 in 119ms (next.js: 16ms, application-code: 104ms)
 GET /k01/fridge-count 200 in 163ms (next.js: 58ms, application-code: 105ms)
 GET /k01/home 200 in 178ms (next.js: 8ms, application-code: 170ms)
 GET /k01/fridge-count 200 in 266ms (next.js: 52ms, application-code: 213ms)
 GET /k01/home 200 in 227ms (next.js: 11ms, application-code: 216ms)
 GET /k01/fridge-count 200 in 262ms (next.js: 66ms, application-code: 197ms)
 GET /k01/home 200 in 156ms (next.js: 9ms, application-code: 148ms)
 GET /k01/fridge-count 200 in 213ms (next.js: 54ms, application-code: 159ms)
 GET /k01/home 200 in 187ms (next.js: 9ms, application-code: 179ms)
 GET /k01/fridge-count 200 in 228ms (next.js: 47ms, application-code: 181ms)
 GET /k01/home 200 in 299ms (next.js: 9ms, application-code: 290ms)
 GET /k01/fridge-count 200 in 335ms (next.js: 61ms, application-code: 274ms)
 GET /k01/home 200 in 272ms (next.js: 114ms, application-code: 158ms)
 GET /k01/fridge-count 200 in 244ms (next.js: 13ms, application-code: 230ms)
 GET /k01/home 200 in 241ms (next.js: 7ms, application-code: 233ms)
 GET /k01/fridge-count 200 in 235ms (next.js: 88ms, application-code: 147ms)
 GET /k01/home 200 in 134ms (next.js: 9ms, application-code: 125ms)
 GET /k01/fridge-count 200 in 133ms (next.js: 8ms, application-code: 125ms)
 GET /k01/home 200 in 144ms (next.js: 8ms, application-code: 136ms)
 GET /k01/fridge-count 200 in 146ms (next.js: 11ms, application-code: 134ms)
 GET /k01/home 200 in 106ms (next.js: 14ms, application-code: 93ms)
 GET /k01/fridge-count 200 in 131ms (next.js: 9ms, application-code: 122ms)
 GET /k01/home 200 in 135ms (next.js: 9ms, application-code: 126ms)
 GET /k01/fridge-count 200 in 144ms (next.js: 8ms, application-code: 137ms)
 GET /k01/home 200 in 144ms (next.js: 9ms, application-code: 135ms)
 GET /k01/fridge-count 200 in 152ms (next.js: 14ms, application-code: 138ms)
 GET /k01/home 200 in 240ms (next.js: 6ms, application-code: 234ms)
 GET /k01/fridge-count 200 in 256ms (next.js: 12ms, application-code: 244ms)
 GET /k01/home 200 in 262ms (next.js: 98ms, application-code: 164ms)
 GET /k01/fridge-count 200 in 265ms (next.js: 16ms, application-code: 249ms)
 GET /k01/home 200 in 266ms (next.js: 7ms, application-code: 260ms)
 GET /k01/fridge-count 200 in 257ms (next.js: 102ms, application-code: 155ms)
 GET /k01/home 200 in 175ms (next.js: 12ms, application-code: 162ms)
 GET /k01/fridge-count 200 in 167ms (next.js: 9ms, application-code: 158ms)
 GET /k01/home 200 in 173ms (next.js: 14ms, application-code: 159ms)
 GET /k01/fridge-count 200 in 154ms (next.js: 7ms, application-code: 147ms)
 GET /k01/home 200 in 113ms (next.js: 13ms, application-code: 100ms)
 GET /k01/fridge-count 200 in 103ms (next.js: 8ms, application-code: 95ms)
 GET /k01/home 200 in 142ms (next.js: 8ms, application-code: 134ms)
 GET /k01/fridge-count 200 in 152ms (next.js: 7ms, application-code: 145ms)
 GET /k01/home 200 in 173ms (next.js: 8ms, application-code: 165ms)
 GET /k01/fridge-count 200 in 172ms (next.js: 11ms, application-code: 161ms)
 GET /k01/home 200 in 156ms (next.js: 11ms, application-code: 146ms)
 GET /k01/fridge-count 200 in 144ms (next.js: 10ms, application-code: 134ms)
 GET /k01/home 200 in 264ms (next.js: 42ms, application-code: 221ms)
 GET /k01/fridge-count 200 in 329ms (next.js: 7ms, application-code: 322ms)
 GET /k01/home 200 in 363ms (next.js: 134ms, application-code: 230ms)
 GET /k01/fridge-count 200 in 252ms (next.js: 89ms, application-code: 163ms)
 GET /k01/home 200 in 282ms (next.js: 138ms, application-code: 144ms)
 GET /k01/fridge-count 200 in 152ms (next.js: 8ms, application-code: 144ms)
 GET /k01/home 200 in 184ms (next.js: 55ms, application-code: 129ms)
 GET /k01/fridge-count 200 in 136ms (next.js: 8ms, application-code: 127ms)
 GET /k01/home 200 in 165ms (next.js: 38ms, application-code: 126ms)
 GET /k01/fridge-count 200 in 133ms (next.js: 6ms, application-code: 126ms)
 GET /k01/home 200 in 171ms (next.js: 38ms, application-code: 132ms)
 GET /k01/fridge-count 200 in 148ms (next.js: 6ms, application-code: 142ms)
 GET /k01/home 200 in 180ms (next.js: 41ms, application-code: 139ms)
 GET /k01/fridge-count 200 in 93ms (next.js: 8ms, application-code: 85ms)
 GET /k01/home 200 in 160ms (next.js: 39ms, application-code: 122ms)
 GET /k01/fridge-count 200 in 128ms (next.js: 8ms, application-code: 120ms)
 GET /k01/home 200 in 172ms (next.js: 42ms, application-code: 131ms)
 GET /k01/fridge-count 200 in 142ms (next.js: 7ms, application-code: 135ms)
 GET /k01/home 200 in 258ms (next.js: 42ms, application-code: 217ms)
 GET /k01/fridge-count 200 in 301ms (next.js: 12ms, application-code: 289ms)
 GET /k01/home 200 in 311ms (next.js: 120ms, application-code: 191ms)
 GET /k01/fridge-count 200 in 146ms (next.js: 92ms, application-code: 54ms)
 GET /k01/home 200 in 331ms (next.js: 105ms, application-code: 226ms)
✓ Compiled in 106ms
 GET /k01/home 200 in 792ms (next.js: 613ms, application-code: 179ms)
 GET /k01/fridge-count 200 in 799ms (next.js: 426ms, application-code: 374ms)
 GET /k01/home 200 in 129ms (next.js: 50ms, application-code: 79ms)
 GET /k01/fridge-count 200 in 168ms (next.js: 12ms, application-code: 156ms)
 GET /k01/fridge-count 200 in 168ms (next.js: 11ms, application-code: 157ms)
 GET /k01/home 200 in 222ms (next.js: 45ms, application-code: 176ms)
 GET /k01/fridge-count 200 in 195ms (next.js: 8ms, application-code: 188ms)
 GET /k01/home 200 in 246ms (next.js: 50ms, application-code: 196ms)
 GET /k01/fridge-count 200 in 194ms (next.js: 11ms, application-code: 183ms)
 GET /k01/home 200 in 228ms (next.js: 62ms, application-code: 166ms)
 GET /k01/fridge-count 200 in 155ms (next.js: 9ms, application-code: 146ms)
 GET /k01/home 200 in 156ms (next.js: 11ms, application-code: 145ms)
 GET /k01/fridge-count 200 in 162ms (next.js: 9ms, application-code: 152ms)
 GET /k01/home 200 in 157ms (next.js: 9ms, application-code: 148ms)
 GET /k01/fridge-count 200 in 253ms (next.js: 8ms, application-code: 245ms)
 GET /k01/home 200 in 347ms (next.js: 8ms, application-code: 339ms)
 GET /k01/fridge-count 200 in 365ms (next.js: 93ms, application-code: 272ms)
 GET /k01/home 200 in 274ms (next.js: 106ms, application-code: 167ms)
 GET /k01/fridge-count 200 in 156ms (next.js: 8ms, application-code: 148ms)
 GET /k01/home 200 in 151ms (next.js: 12ms, application-code: 139ms)
 GET /k01/fridge-count 200 in 148ms (next.js: 9ms, application-code: 139ms)
 GET /k01/home 200 in 141ms (next.js: 10ms, application-code: 131ms)
 GET /k01/fridge-count 200 in 135ms (next.js: 9ms, application-code: 126ms)
 GET /k01/home 200 in 144ms (next.js: 11ms, application-code: 134ms)
 GET /k01/fridge-count 200 in 146ms (next.js: 8ms, application-code: 138ms)
 GET /k01/home 200 in 128ms (next.js: 7ms, application-code: 121ms)
 GET /k01/fridge-count 200 in 155ms (next.js: 7ms, application-code: 148ms)
 GET /k01/home 200 in 157ms (next.js: 21ms, application-code: 136ms)
 GET /k01/fridge-count 200 in 145ms (next.js: 7ms, application-code: 138ms)
 GET /k01/home 200 in 147ms (next.js: 11ms, application-code: 137ms)
 GET /k01/fridge-count 200 in 228ms (next.js: 8ms, application-code: 219ms)
 GET /k01/home 200 in 340ms (next.js: 8ms, application-code: 332ms)
 GET /k01/fridge-count 200 in 331ms (next.js: 91ms, application-code: 240ms)
 GET /k01/home 200 in 239ms (next.js: 104ms, application-code: 135ms)
 GET /k01/fridge-count 200 in 110ms (next.js: 8ms, application-code: 102ms)
 GET /k01/home 200 in 155ms (next.js: 7ms, application-code: 149ms)
 GET /k01/fridge-count 200 in 148ms (next.js: 9ms, application-code: 139ms)
 GET /k01/home 200 in 154ms (next.js: 7ms, application-code: 147ms)
 GET /k01/fridge-count 200 in 135ms (next.js: 8ms, application-code: 127ms)
 GET /k01/home 200 in 173ms (next.js: 44ms, application-code: 129ms)
 GET /k01/fridge-count 200 in 100ms (next.js: 8ms, application-code: 92ms)
 GET /k01/home 200 in 135ms (next.js: 7ms, application-code: 128ms)
 GET /k01/fridge-count 200 in 133ms (next.js: 9ms, application-code: 124ms)
 GET /k01/home 200 in 170ms (next.js: 40ms, application-code: 130ms)
 GET /k01/fridge-count 200 in 155ms (next.js: 7ms, application-code: 149ms)
 GET /k01/home 200 in 197ms (next.js: 41ms, application-code: 156ms)
 GET /k01/fridge-count 200 in 250ms (next.js: 8ms, application-code: 242ms)
 GET /k01/home 200 in 380ms (next.js: 51ms, application-code: 329ms)
 GET /k01/fridge-count 200 in 326ms (next.js: 99ms, application-code: 227ms)
 GET /k01/home 200 in 368ms (next.js: 225ms, application-code: 143ms)
 GET /k01/fridge-count 200 in 156ms (next.js: 7ms, application-code: 149ms)
 GET /k01/home 200 in 205ms (next.js: 40ms, application-code: 165ms)
 GET /k01/fridge-count 200 in 173ms (next.js: 9ms, application-code: 164ms)
 GET /k01/home 200 in 214ms (next.js: 48ms, application-code: 166ms)
 GET /k01/fridge-count 200 in 190ms (next.js: 9ms, application-code: 180ms)
 GET /k01/home 200 in 227ms (next.js: 54ms, application-code: 173ms)
 GET /k01/fridge-count 200 in 147ms (next.js: 7ms, application-code: 140ms)
 GET /k01/home 200 in 176ms (next.js: 50ms, application-code: 125ms)
 GET /k01/fridge-count 200 in 136ms (next.js: 8ms, application-code: 128ms)
 GET /k01/home 200 in 165ms (next.js: 39ms, application-code: 126ms)
 GET /k01/fridge-count 200 in 142ms (next.js: 10ms, application-code: 132ms)
 GET /k01/home 200 in 175ms (next.js: 40ms, application-code: 135ms)
 GET /k01/fridge-count 200 in 254ms (next.js: 8ms, application-code: 246ms)
 GET /k01/home 200 in 404ms (next.js: 42ms, application-code: 362ms)
 GET /k01/fridge-count 200 in 383ms (next.js: 105ms, application-code: 278ms)
 GET /k01/home 200 in 439ms (next.js: 245ms, application-code: 194ms)
 GET /k01/fridge-count 200 in 154ms (next.js: 10ms, application-code: 144ms)
 GET /k01/home 200 in 210ms (next.js: 9ms, application-code: 201ms)
 GET /k01/fridge-count 200 in 210ms (next.js: 16ms, application-code: 194ms)
 GET /k01/home 200 in 245ms (next.js: 62ms, application-code: 183ms)
 GET /k01/fridge-count 200 in 122ms (next.js: 8ms, application-code: 114ms)
 GET /k01/home 200 in 120ms (next.js: 68ms, application-code: 52ms)
✓ Compiled in 107ms
 GET /k01/fridge-count 200 in 595ms (next.js: 212ms, application-code: 383ms)
 GET /k01/home 200 in 598ms (next.js: 429ms, application-code: 169ms)
 GET /k01/fridge-count 200 in 186ms (next.js: 9ms, application-code: 177ms)
 GET /k01/home 200 in 240ms (next.js: 46ms, application-code: 194ms)
 GET /k01/fridge-count 200 in 167ms (next.js: 8ms, application-code: 159ms)
 GET /k01/home 200 in 200ms (next.js: 60ms, application-code: 141ms)
 GET /k01/fridge-count 200 in 132ms (next.js: 8ms, application-code: 124ms)
 GET /k01/home 200 in 195ms (next.js: 41ms, application-code: 154ms)
 GET /k01/fridge-count 200 in 299ms (next.js: 7ms, application-code: 292ms)
 GET /k01/home 200 in 299ms (next.js: 47ms, application-code: 252ms)
 GET /k01/fridge-count 200 in 228ms (next.js: 10ms, application-code: 218ms)
 GET /k01/home 200 in 269ms (next.js: 112ms, application-code: 157ms)
 GET /k01/fridge-count 200 in 149ms (next.js: 12ms, application-code: 137ms)
 GET /k01/home 200 in 183ms (next.js: 45ms, application-code: 138ms)
 GET /k01/fridge-count 200 in 222ms (next.js: 9ms, application-code: 213ms)
 GET /k01/home 200 in 365ms (next.js: 46ms, application-code: 319ms)
 GET /k01/fridge-count 200 in 335ms (next.js: 96ms, application-code: 240ms)
 GET /k01/home 200 in 373ms (next.js: 216ms, application-code: 157ms)
 GET /k01/fridge-count 200 in 164ms (next.js: 8ms, application-code: 156ms)
 GET /k01/home 200 in 197ms (next.js: 46ms, application-code: 151ms)
 GET /k01/fridge-count 200 in 175ms (next.js: 6ms, application-code: 168ms)
 GET /k01/home 200 in 174ms (next.js: 46ms, application-code: 128ms)
 GET /k01/fridge-count 200 in 150ms (next.js: 9ms, application-code: 141ms)
 GET /k01/home 200 in 191ms (next.js: 39ms, application-code: 152ms)
 GET /k01/fridge-count 200 in 178ms (next.js: 6ms, application-code: 172ms)
 GET /k01/home 200 in 218ms (next.js: 56ms, application-code: 161ms)
 GET /k01/fridge-count 200 in 162ms (next.js: 8ms, application-code: 154ms)
 GET /k01/home 200 in 193ms (next.js: 58ms, application-code: 136ms)
 GET /k01/fridge-count 200 in 132ms (next.js: 6ms, application-code: 126ms)
 GET /k01/home 200 in 171ms (next.js: 43ms, application-code: 128ms)
 GET /k01/fridge-count 200 in 219ms (next.js: 6ms, application-code: 213ms)
 GET /k01/home 200 in 642ms (next.js: 35ms, application-code: 607ms)
 GET /k01/fridge-count 200 in 636ms (next.js: 94ms, application-code: 542ms)
 GET /k01/home 200 in 677ms (next.js: 503ms, application-code: 174ms)
 GET /k01/fridge-count 200 in 156ms (next.js: 6ms, application-code: 149ms)
 GET /k01/home 200 in 188ms (next.js: 54ms, application-code: 134ms)
 GET /k01/fridge-count 200 in 158ms (next.js: 8ms, application-code: 150ms)
 GET /k01/home 200 in 159ms (next.js: 40ms, application-code: 118ms)
 GET /k01/fridge-count 200 in 165ms (next.js: 10ms, application-code: 155ms)
 GET /k01/home 200 in 163ms (next.js: 37ms, application-code: 127ms)
 GET /k01/fridge-count 200 in 145ms (next.js: 11ms, application-code: 134ms)
 GET /k01/home 200 in 193ms (next.js: 44ms, application-code: 149ms)
 GET /k01/fridge-count 200 in 276ms (next.js: 9ms, application-code: 267ms)
 GET /k01/home 200 in 320ms (next.js: 47ms, application-code: 274ms)
 GET /k01/fridge-count 200 in 225ms (next.js: 110ms, application-code: 115ms)
 GET /k01/home 200 in 149ms (next.js: 10ms, application-code: 139ms)
 GET /k01/fridge-count 200 in 145ms (next.js: 11ms, application-code: 134ms)
 GET /k01/home 200 in 271ms (next.js: 44ms, application-code: 228ms)
 GET /k01/fridge-count 200 in 295ms (next.js: 14ms, application-code: 282ms)
 GET /k01/home 200 in 296ms (next.js: 135ms, application-code: 161ms)
 GET /k01/fridge-count 200 in 217ms (next.js: 9ms, application-code: 208ms)
 GET /k01/home 200 in 217ms (next.js: 50ms, application-code: 167ms)
 GET /k01/fridge-count 200 in 153ms (next.js: 9ms, application-code: 144ms)
 GET /k01/home 200 in 193ms (next.js: 56ms, application-code: 137ms)
 GET /k01/fridge-count 200 in 186ms (next.js: 10ms, application-code: 176ms)
 GET /k01/home 200 in 185ms (next.js: 41ms, application-code: 144ms)
 GET /k01/fridge-count 200 in 146ms (next.js: 10ms, application-code: 136ms)
 GET /k01/home 200 in 184ms (next.js: 48ms, application-code: 136ms)
 GET /k01/fridge-count 200 in 137ms (next.js: 7ms, application-code: 131ms)
 GET /k01/home 200 in 177ms (next.js: 42ms, application-code: 135ms)
 GET /k01/fridge-count 200 in 240ms (next.js: 8ms, application-code: 232ms)
 GET /k01/home 200 in 270ms (next.js: 37ms, application-code: 233ms)
 GET /k01/fridge-count 200 in 228ms (next.js: 96ms, application-code: 132ms)
 GET /k01/home 200 in 369ms (next.js: 134ms, application-code: 235ms)
 GET /k01/fridge-count 200 in 248ms (next.js: 6ms, application-code: 241ms)
 GET /k01/home 200 in 284ms (next.js: 135ms, application-code: 149ms)
 GET /k01/fridge-count 200 in 144ms (next.js: 7ms, application-code: 137ms)
 GET /k01/home 200 in 177ms (next.js: 46ms, application-code: 132ms)
 GET /k01/home 200 in 194ms (next.js: 47ms, application-code: 146ms)
 GET /k01/fridge-count 200 in 197ms (next.js: 12ms, application-code: 184ms)
 GET /k01/fridge-count 200 in 196ms (next.js: 10ms, application-code: 186ms)
 GET /k01/home 200 in 197ms (next.js: 45ms, application-code: 152ms)
 GET /k01/fridge-count 200 in 141ms (next.js: 12ms, application-code: 129ms)
 GET /k01/home 200 in 140ms (next.js: 50ms, application-code: 90ms)
 GET /k01/fridge-count 200 in 82ms (next.js: 6ms, application-code: 76ms)
 GET /k01/home 200 in 78ms (next.js: 37ms, application-code: 41ms)
 GET /k01/delivery-invoices 200 in 2.4s (next.js: 2.2s, application-code: 215ms)
 GET /k01/weekly-stocktake 200 in 2.9s (next.js: 2.7s, application-code: 139ms)
 GET /k01/audit-corrections 200 in 1809ms (next.js: 1719ms, application-code: 90ms)
✓ Compiled in 97ms
✓ Compiled in 204ms
✓ Compiled in 122ms
 GET /k01/fridge-count 200 in 570ms (next.js: 236ms, application-code: 334ms)
 GET /k01/audit-corrections 200 in 303ms (next.js: 147ms, application-code: 156ms)
 GET /k01/fridge-count 200 in 149ms (next.js: 13ms, application-code: 136ms)
 GET /k01/audit-corrections 200 in 178ms (next.js: 48ms, application-code: 130ms)
 GET /k01/fridge-count 200 in 169ms (next.js: 7ms, application-code: 162ms)
 GET /k01/audit-corrections 200 in 262ms (next.js: 44ms, application-code: 218ms)
 GET /k01/fridge-count 200 in 247ms (next.js: 11ms, application-code: 236ms)
 GET /k01/audit-corrections 200 in 281ms (next.js: 62ms, application-code: 219ms)
 GET /k01/fridge-count 200 in 201ms (next.js: 10ms, application-code: 191ms)
 GET /k01/audit-corrections 200 in 240ms (next.js: 61ms, application-code: 179ms)
 GET /k01/fridge-count 200 in 202ms (next.js: 10ms, application-code: 191ms)
 GET /k01/audit-corrections 200 in 241ms (next.js: 74ms, application-code: 167ms)
 GET /k01/fridge-count 200 in 287ms (next.js: 11ms, application-code: 275ms)
 GET /k01/audit-corrections 200 in 417ms (next.js: 58ms, application-code: 360ms)
 GET /k01/fridge-count 200 in 358ms (next.js: 115ms, application-code: 243ms)
 GET /k01/audit-corrections 200 in 392ms (next.js: 254ms, application-code: 137ms)
 GET /k01/fridge-count 200 in 144ms (next.js: 7ms, application-code: 137ms)
 GET /k01/audit-corrections 200 in 141ms (next.js: 11ms, application-code: 130ms)
 GET /k01/fridge-count 200 in 127ms (next.js: 7ms, application-code: 119ms)
 GET /k01/audit-corrections 200 in 124ms (next.js: 8ms, application-code: 116ms)
 GET /k01/fridge-count 200 in 123ms (next.js: 8ms, application-code: 114ms)
 GET /k01/audit-corrections 200 in 130ms (next.js: 7ms, application-code: 123ms)
 GET /k01/fridge-count 200 in 131ms (next.js: 8ms, application-code: 124ms)
 GET /k01/audit-corrections 200 in 123ms (next.js: 7ms, application-code: 116ms)
 GET /k01/fridge-count 200 in 121ms (next.js: 7ms, application-code: 115ms)
 GET /k01/audit-corrections 200 in 128ms (next.js: 8ms, application-code: 120ms)
 GET /k01/fridge-count 200 in 138ms (next.js: 9ms, application-code: 129ms)
 GET /k01/audit-corrections 200 in 149ms (next.js: 9ms, application-code: 140ms)
 GET /k01/fridge-count 200 in 118ms (next.js: 9ms, application-code: 109ms)
 GET /k01/audit-corrections 200 in 306ms (next.js: 48ms, application-code: 257ms)
 GET /k01/fridge-count 200 in 419ms (next.js: 110ms, application-code: 310ms)
 GET /k01/audit-corrections 200 in 418ms (next.js: 152ms, application-code: 266ms)
 GET /k01/fridge-count 200 in 310ms (next.js: 11ms, application-code: 299ms)
 GET /k01/audit-corrections 200 in 314ms (next.js: 146ms, application-code: 168ms)
 GET /k01/fridge-count 200 in 197ms (next.js: 12ms, application-code: 185ms)
 GET /k01/audit-corrections 200 in 197ms (next.js: 51ms, application-code: 146ms)
 GET /k01/fridge-count 200 in 176ms (next.js: 8ms, application-code: 168ms)
 GET /k01/audit-corrections 200 in 178ms (next.js: 47ms, application-code: 131ms)
 GET /k01/fridge-count 200 in 178ms (next.js: 8ms, application-code: 169ms)
 GET /k01/audit-corrections 200 in 180ms (next.js: 41ms, application-code: 139ms)
 GET /k01/fridge-count 200 in 158ms (next.js: 11ms, application-code: 146ms)
 GET /k01/audit-corrections 200 in 192ms (next.js: 42ms, application-code: 150ms)
 GET /k01/fridge-count 200 in 154ms (next.js: 19ms, application-code: 135ms)
 GET /k01/audit-corrections 200 in 199ms (next.js: 53ms, application-code: 146ms)
 GET /k01/fridge-count 200 in 167ms (next.js: 6ms, application-code: 161ms)
 GET /k01/audit-corrections 200 in 204ms (next.js: 45ms, application-code: 159ms)
 GET /k01/fridge-count 200 in 246ms (next.js: 8ms, application-code: 238ms)
 GET /k01/audit-corrections 200 in 275ms (next.js: 50ms, application-code: 225ms)
 GET /k01/fridge-count 200 in 243ms (next.js: 97ms, application-code: 146ms)
 GET /k01/audit-corrections 200 in 374ms (next.js: 136ms, application-code: 238ms)
 GET /k01/fridge-count 200 in 261ms (next.js: 8ms, application-code: 253ms)
 GET /k01/audit-corrections 200 in 301ms (next.js: 142ms, application-code: 159ms)
 GET /k01/fridge-count 200 in 155ms (next.js: 12ms, application-code: 143ms)
 GET /k01/audit-corrections 200 in 188ms (next.js: 54ms, application-code: 134ms)
 GET /k01/fridge-count 200 in 149ms (next.js: 8ms, application-code: 141ms)
 GET /k01/audit-corrections 200 in 183ms (next.js: 44ms, application-code: 139ms)
 GET /k01/fridge-count 200 in 146ms (next.js: 9ms, application-code: 137ms)
 GET /k01/audit-corrections 200 in 180ms (next.js: 53ms, application-code: 126ms)
 GET /k01/fridge-count 200 in 146ms (next.js: 6ms, application-code: 140ms)
 GET /k01/audit-corrections 200 in 158ms (next.js: 11ms, application-code: 147ms)
 GET /k01/fridge-count 200 in 138ms (next.js: 7ms, application-code: 131ms)
 GET /k01/audit-corrections 200 in 143ms (next.js: 9ms, application-code: 135ms)
 GET /k01/fridge-count 200 in 138ms (next.js: 7ms, application-code: 131ms)
 GET /k01/audit-corrections 200 in 148ms (next.js: 9ms, application-code: 139ms)
 GET /k01/fridge-count 200 in 259ms (next.js: 8ms, application-code: 252ms)
 GET /k01/audit-corrections 200 in 351ms (next.js: 8ms, application-code: 343ms)
 GET /k01/fridge-count 200 in 343ms (next.js: 105ms, application-code: 237ms)
 GET /k01/audit-corrections 200 in 272ms (next.js: 99ms, application-code: 174ms)
 GET /k01/fridge-count 200 in 272ms (next.js: 7ms, application-code: 265ms)
 GET /k01/audit-corrections 200 in 257ms (next.js: 10ms, application-code: 247ms)
 GET /k01/fridge-count 200 in 229ms (next.js: 9ms, application-code: 220ms)
 GET /k01/audit-corrections 200 in 131ms (next.js: 9ms, application-code: 122ms)
 GET /k01/fridge-count 200 in 138ms (next.js: 8ms, application-code: 131ms)
 GET /k01/audit-corrections 200 in 142ms (next.js: 7ms, application-code: 134ms)
 GET /k01/fridge-count 200 in 149ms (next.js: 9ms, application-code: 141ms)
 GET /k01/audit-corrections 200 in 145ms (next.js: 7ms, application-code: 138ms)
 GET /k01/fridge-count 200 in 146ms (next.js: 8ms, application-code: 138ms)
 GET /k01/audit-corrections 200 in 131ms (next.js: 9ms, application-code: 122ms)
 GET /k01/fridge-count 200 in 85ms (next.js: 8ms, application-code: 77ms)
 GET /k01/audit-corrections 200 in 41ms (next.js: 6ms, application-code: 35ms)
✓ Compiled in 180ms
 GET /k01/fridge-count 200 in 594ms (next.js: 310ms, application-code: 284ms)
 GET /k01/audit-corrections 200 in 636ms (next.js: 495ms, application-code: 141ms)
 GET /k01/fridge-count 200 in 145ms (next.js: 8ms, application-code: 137ms)
 GET /k01/audit-corrections 200 in 179ms (next.js: 47ms, application-code: 131ms)
 GET /k01/fridge-count 200 in 129ms (next.js: 7ms, application-code: 123ms)
 GET /k01/audit-corrections 200 in 158ms (next.js: 40ms, application-code: 118ms)
 GET /k01/fridge-count 200 in 129ms (next.js: 7ms, application-code: 122ms)
 GET /k01/audit-corrections 200 in 158ms (next.js: 36ms, application-code: 121ms)
 GET /k01/fridge-count 200 in 154ms (next.js: 6ms, application-code: 148ms)
 GET /k01/audit-corrections 200 in 199ms (next.js: 38ms, application-code: 160ms)
 GET /k01/fridge-count 200 in 274ms (next.js: 14ms, application-code: 260ms)
 GET /k01/audit-corrections 200 in 269ms (next.js: 56ms, application-code: 212ms)
 GET /k01/fridge-count 200 in 153ms (next.js: 10ms, application-code: 142ms)
 GET /k01/audit-corrections 200 in 192ms (next.js: 45ms, application-code: 147ms)
 GET /k01/fridge-count 200 in 151ms (next.js: 7ms, application-code: 144ms)
 GET /k01/audit-corrections 200 in 193ms (next.js: 40ms, application-code: 154ms)
 GET /k01/fridge-count 200 in 273ms (next.js: 11ms, application-code: 262ms)
 GET /k01/audit-corrections 200 in 415ms (next.js: 47ms, application-code: 368ms)
 GET /k01/fridge-count 200 in 370ms (next.js: 105ms, application-code: 265ms)
 GET /k01/audit-corrections 200 in 412ms (next.js: 253ms, application-code: 159ms)
 GET /k01/fridge-count 200 in 179ms (next.js: 8ms, application-code: 171ms)
 GET /k01/audit-corrections 200 in 208ms (next.js: 50ms, application-code: 157ms)
 GET /k01/fridge-count 200 in 157ms (next.js: 7ms, application-code: 151ms)
 GET /k01/audit-corrections 200 in 190ms (next.js: 49ms, application-code: 141ms)
 GET /k01/fridge-count 200 in 148ms (next.js: 12ms, application-code: 136ms)
 GET /k01/audit-corrections 200 in 195ms (next.js: 49ms, application-code: 146ms)
 GET /k01/fridge-count 200 in 161ms (next.js: 9ms, application-code: 153ms)
 GET /k01/audit-corrections 200 in 191ms (next.js: 48ms, application-code: 143ms)
 GET /k01/fridge-count 200 in 148ms (next.js: 8ms, application-code: 140ms)
 GET /k01/audit-corrections 200 in 193ms (next.js: 43ms, application-code: 150ms)
 GET /k01/fridge-count 200 in 170ms (next.js: 7ms, application-code: 163ms)
 GET /k01/audit-corrections 200 in 210ms (next.js: 54ms, application-code: 155ms)
 GET /k01/fridge-count 200 in 242ms (next.js: 8ms, application-code: 235ms)
 GET /k01/audit-corrections 200 in 372ms (next.js: 43ms, application-code: 328ms)
 GET /k01/fridge-count 200 in 327ms (next.js: 102ms, application-code: 225ms)
 GET /k01/audit-corrections 200 in 353ms (next.js: 223ms, application-code: 130ms)
 GET /k01/fridge-count 200 in 137ms (next.js: 7ms, application-code: 130ms)
 GET /k01/audit-corrections 200 in 169ms (next.js: 36ms, application-code: 133ms)
 GET /k01/fridge-count 200 in 153ms (next.js: 8ms, application-code: 145ms)
 GET /k01/audit-corrections 200 in 210ms (next.js: 45ms, application-code: 165ms)
 GET /k01/fridge-count 200 in 192ms (next.js: 9ms, application-code: 183ms)
 GET /k01/audit-corrections 200 in 234ms (next.js: 54ms, application-code: 180ms)
 GET /k01/audit-corrections 200 in 193ms (next.js: 52ms, application-code: 140ms)
 GET /k01/fridge-count 200 in 196ms (next.js: 10ms, application-code: 186ms)
 GET /k01/fridge-count 200 in 145ms (next.js: 9ms, application-code: 135ms)
 GET /k01/audit-corrections 200 in 189ms (next.js: 40ms, application-code: 149ms)
 GET /k01/fridge-count 200 in 154ms (next.js: 12ms, application-code: 141ms)
 GET /k01/audit-corrections 200 in 192ms (next.js: 46ms, application-code: 146ms)
 GET /k01/fridge-count 200 in 247ms (next.js: 9ms, application-code: 238ms)
 GET /k01/audit-corrections 200 in 293ms (next.js: 43ms, application-code: 250ms)
 GET /k01/fridge-count 200 in 260ms (next.js: 104ms, application-code: 156ms)
 GET /k01/audit-corrections 200 in 397ms (next.js: 143ms, application-code: 254ms)
 GET /k01/fridge-count 200 in 244ms (next.js: 7ms, application-code: 237ms)
 GET /k01/audit-corrections 200 in 274ms (next.js: 141ms, application-code: 133ms)
 GET /k01/fridge-count 200 in 136ms (next.js: 7ms, application-code: 130ms)
 GET /k01/audit-corrections 200 in 178ms (next.js: 35ms, application-code: 142ms)
 GET /k01/fridge-count 200 in 150ms (next.js: 7ms, application-code: 143ms)
 GET /k01/audit-corrections 200 in 188ms (next.js: 48ms, application-code: 140ms)
 GET /k01/fridge-count 200 in 165ms (next.js: 10ms, application-code: 156ms)
 GET /k01/audit-corrections 200 in 179ms (next.js: 40ms, application-code: 139ms)
 GET /k01/fridge-count 200 in 148ms (next.js: 8ms, application-code: 140ms)
 GET /k01/audit-corrections 200 in 187ms (next.js: 39ms, application-code: 149ms)
 GET /k01/fridge-count 200 in 155ms (next.js: 6ms, application-code: 149ms)
 GET /k01/audit-corrections 200 in 189ms (next.js: 47ms, application-code: 142ms)
 GET /k01/fridge-count 200 in 255ms (next.js: 7ms, application-code: 248ms)
 GET /k01/audit-corrections 200 in 300ms (next.js: 51ms, application-code: 248ms)
 GET /k01/fridge-count 200 in 261ms (next.js: 116ms, application-code: 145ms)
 GET /k01/audit-corrections 200 in 391ms (next.js: 155ms, application-code: 236ms)
 GET /k01/fridge-count 200 in 242ms (next.js: 9ms, application-code: 233ms)
 GET /k01/audit-corrections 200 in 257ms (next.js: 100ms, application-code: 157ms)
 GET /k01/fridge-count 200 in 166ms (next.js: 10ms, application-code: 156ms)
 GET /k01/audit-corrections 200 in 196ms (next.js: 60ms, application-code: 136ms)
 GET /k01/audit-corrections 200 in 172ms (next.js: 50ms, application-code: 122ms)
 GET /k01/fridge-count 200 in 175ms (next.js: 10ms, application-code: 165ms)
 GET /k01/fridge-count 200 in 296ms (next.js: 9ms, application-code: 287ms)
 GET /k01/audit-corrections 200 in 297ms (next.js: 38ms, application-code: 259ms)
 GET /k01/fridge-count 200 in 261ms (next.js: 7ms, application-code: 254ms)
 GET /k01/audit-corrections 200 in 292ms (next.js: 63ms, application-code: 229ms)
 GET /k01/fridge-count 200 in 126ms (next.js: 7ms, application-code: 119ms)
 GET /k01/audit-corrections 200 in 163ms (next.js: 40ms, application-code: 123ms)
 GET /k01/fridge-count 200 in 230ms (next.js: 9ms, application-code: 222ms)
 GET /k01/audit-corrections 200 in 364ms (next.js: 41ms, application-code: 323ms)
 GET /k01/fridge-count 200 in 281ms (next.js: 99ms, application-code: 182ms)
 GET /k01/audit-corrections 200 in 277ms (next.js: 239ms, application-code: 39ms)
✓ Compiled in 118ms
 GET /k01/audit-corrections 200 in 684ms (next.js: 294ms, application-code: 389ms)
 GET /k01/fridge-count 200 in 738ms (next.js: 551ms, application-code: 187ms)
 GET /k01/audit-corrections 200 in 212ms (next.js: 11ms, application-code: 201ms)
 GET /k01/fridge-count 200 in 271ms (next.js: 63ms, application-code: 209ms)
 GET /k01/audit-corrections 200 in 268ms (next.js: 18ms, application-code: 249ms)
 GET /k01/fridge-count 200 in 264ms (next.js: 71ms, application-code: 193ms)
 GET /k01/audit-corrections 200 in 205ms (next.js: 10ms, application-code: 196ms)
 GET /k01/fridge-count 200 in 243ms (next.js: 61ms, application-code: 183ms)
 GET /k01/audit-corrections 200 in 199ms (next.js: 12ms, application-code: 187ms)
 GET /k01/fridge-count 200 in 246ms (next.js: 65ms, application-code: 181ms)
 GET /k01/audit-corrections 200 in 399ms (next.js: 19ms, application-code: 379ms)
 GET /k01/fridge-count 200 in 392ms (next.js: 66ms, application-code: 326ms)
 GET /k01/audit-corrections 200 in 247ms (next.js: 107ms, application-code: 140ms)
 GET /k01/fridge-count 200 in 391ms (next.js: 147ms, application-code: 244ms)
 GET /k01/audit-corrections 200 in 249ms (next.js: 8ms, application-code: 241ms)
 GET /k01/fridge-count 200 in 300ms (next.js: 149ms, application-code: 151ms)
 GET /k01/audit-corrections 200 in 164ms (next.js: 7ms, application-code: 156ms)
 GET /k01/fridge-count 200 in 209ms (next.js: 48ms, application-code: 161ms)
 GET /k01/audit-corrections 200 in 164ms (next.js: 8ms, application-code: 156ms)
 GET /k01/fridge-count 200 in 159ms (next.js: 10ms, application-code: 149ms)
 GET /k01/audit-corrections 200 in 164ms (next.js: 10ms, application-code: 154ms)
 GET /k01/fridge-count 200 in 165ms (next.js: 13ms, application-code: 152ms)
 GET /k01/audit-corrections 200 in 150ms (next.js: 11ms, application-code: 139ms)
 GET /k01/fridge-count 200 in 155ms (next.js: 10ms, application-code: 145ms)
 GET /k01/audit-corrections 200 in 152ms (next.js: 9ms, application-code: 143ms)
 GET /k01/fridge-count 200 in 195ms (next.js: 51ms, application-code: 145ms)
 GET /k01/audit-corrections 200 in 114ms (next.js: 8ms, application-code: 106ms)
 GET /k01/fridge-count 200 in 302ms (next.js: 52ms, application-code: 250ms)
 GET /k01/audit-corrections 200 in 264ms (next.js: 117ms, application-code: 148ms)
 GET /k01/fridge-count 200 in 430ms (next.js: 157ms, application-code: 273ms)
 GET /k01/audit-corrections 200 in 287ms (next.js: 8ms, application-code: 279ms)
 GET /k01/fridge-count 200 in 334ms (next.js: 169ms, application-code: 165ms)
 GET /k01/audit-corrections 200 in 158ms (next.js: 8ms, application-code: 150ms)
 GET /k01/fridge-count 200 in 197ms (next.js: 47ms, application-code: 150ms)
 GET /k01/audit-corrections 200 in 145ms (next.js: 7ms, application-code: 139ms)
 GET /k01/fridge-count 200 in 179ms (next.js: 45ms, application-code: 134ms)
 GET /k01/audit-corrections 200 in 179ms (next.js: 7ms, application-code: 172ms)
 GET /k01/fridge-count 200 in 181ms (next.js: 46ms, application-code: 135ms)
 GET /k01/audit-corrections 200 in 151ms (next.js: 7ms, application-code: 144ms)
 GET /k01/fridge-count 200 in 198ms (next.js: 45ms, application-code: 153ms)
 GET /k01/audit-corrections 200 in 180ms (next.js: 7ms, application-code: 173ms)
 GET /k01/fridge-count 200 in 213ms (next.js: 42ms, application-code: 171ms)
 GET /k01/audit-corrections 200 in 271ms (next.js: 8ms, application-code: 263ms)
 GET /k01/fridge-count 200 in 313ms (next.js: 55ms, application-code: 258ms)
 GET /k01/audit-corrections 200 in 227ms (next.js: 108ms, application-code: 119ms)
 GET /k01/fridge-count 200 in 313ms (next.js: 154ms, application-code: 159ms)
 GET /k01/audit-corrections 200 in 162ms (next.js: 10ms, application-code: 151ms)
 GET /k01/fridge-count 200 in 297ms (next.js: 56ms, application-code: 241ms)
 GET /k01/audit-corrections 200 in 289ms (next.js: 11ms, application-code: 278ms)
 GET /k01/fridge-count 200 in 289ms (next.js: 139ms, application-code: 150ms)
 GET /k01/audit-corrections 200 in 152ms (next.js: 7ms, application-code: 146ms)
 GET /k01/fridge-count 200 in 187ms (next.js: 46ms, application-code: 140ms)
 GET /k01/audit-corrections 200 in 136ms (next.js: 7ms, application-code: 129ms)
 GET /k01/fridge-count 200 in 175ms (next.js: 41ms, application-code: 134ms)
 GET /k01/audit-corrections 200 in 161ms (next.js: 7ms, application-code: 154ms)
 GET /k01/fridge-count 200 in 211ms (next.js: 44ms, application-code: 166ms)
 GET /k01/audit-corrections 200 in 194ms (next.js: 11ms, application-code: 184ms)
 GET /k01/fridge-count 200 in 243ms (next.js: 64ms, application-code: 180ms)
 GET /k01/audit-corrections 200 in 283ms (next.js: 8ms, application-code: 276ms)
 GET /k01/fridge-count 200 in 336ms (next.js: 59ms, application-code: 277ms)
 GET /k01/audit-corrections 200 in 269ms (next.js: 113ms, application-code: 157ms)
 GET /k01/fridge-count 200 in 305ms (next.js: 155ms, application-code: 150ms)
 GET /k01/audit-corrections 200 in 158ms (next.js: 7ms, application-code: 151ms)
 GET /k01/fridge-count 200 in 286ms (next.js: 41ms, application-code: 244ms)
 GET /k01/audit-corrections 200 in 248ms (next.js: 8ms, application-code: 240ms)
 GET /k01/fridge-count 200 in 281ms (next.js: 149ms, application-code: 131ms)
 GET /k01/audit-corrections 200 in 143ms (next.js: 7ms, application-code: 136ms)
 GET /k01/fridge-count 200 in 176ms (next.js: 45ms, application-code: 131ms)
 GET /k01/audit-corrections 200 in 159ms (next.js: 8ms, application-code: 151ms)
 GET /k01/fridge-count 200 in 189ms (next.js: 46ms, application-code: 144ms)
 GET /k01/audit-corrections 200 in 160ms (next.js: 7ms, application-code: 153ms)
 GET /k01/fridge-count 200 in 191ms (next.js: 59ms, application-code: 132ms)
 GET /k01/audit-corrections 200 in 145ms (next.js: 7ms, application-code: 138ms)
 GET /k01/fridge-count 200 in 178ms (next.js: 47ms, application-code: 131ms)
 GET /k01/audit-corrections 200 in 252ms (next.js: 8ms, application-code: 244ms)
 GET /k01/fridge-count 200 in 296ms (next.js: 46ms, application-code: 249ms)
 GET /k01/audit-corrections 200 in 260ms (next.js: 104ms, application-code: 156ms)
 GET /k01/fridge-count 200 in 299ms (next.js: 150ms, application-code: 149ms)
 GET /k01/audit-corrections 200 in 146ms (next.js: 9ms, application-code: 137ms)
 GET /k01/fridge-count 200 in 149ms (next.js: 15ms, application-code: 134ms)
 GET /k01/audit-corrections 200 in 145ms (next.js: 7ms, application-code: 137ms)
 GET /k01/fridge-count 200 in 240ms (next.js: 9ms, application-code: 231ms)
 GET /k01/audit-corrections 200 in 238ms (next.js: 8ms, application-code: 230ms)
 GET /k01/fridge-count 200 in 236ms (next.js: 97ms, application-code: 139ms)
 GET /k01/audit-corrections 200 in 156ms (next.js: 8ms, application-code: 147ms)
 GET /k01/fridge-count 200 in 161ms (next.js: 7ms, application-code: 154ms)
 GET /k01/audit-corrections 200 in 114ms (next.js: 9ms, application-code: 105ms)
 GET /k01/fridge-count 200 in 58ms (next.js: 7ms, application-code: 51ms)
✓ Compiled in 131ms
 GET /k01/fridge-count 200 in 731ms (next.js: 408ms, application-code: 323ms)
 GET /k01/audit-corrections 200 in 729ms (next.js: 572ms, application-code: 157ms)
 GET /k01/fridge-count 200 in 152ms (next.js: 13ms, application-code: 139ms)
 GET /k01/audit-corrections 200 in 156ms (next.js: 52ms, application-code: 104ms)
 GET /k01/fridge-count 200 in 155ms (next.js: 7ms, application-code: 148ms)
 GET /k01/audit-corrections 200 in 204ms (next.js: 42ms, application-code: 163ms)
 GET /k01/fridge-count 200 in 183ms (next.js: 9ms, application-code: 174ms)
 GET /k01/audit-corrections 200 in 224ms (next.js: 58ms, application-code: 166ms)
 GET /k01/fridge-count 200 in 168ms (next.js: 11ms, application-code: 157ms)
 GET /k01/audit-corrections 200 in 205ms (next.js: 56ms, application-code: 149ms)
 GET /k01/fridge-count 200 in 142ms (next.js: 8ms, application-code: 134ms)
 GET /k01/audit-corrections 200 in 179ms (next.js: 42ms, application-code: 137ms)
 GET /k01/fridge-count 200 in 140ms (next.js: 8ms, application-code: 132ms)
 GET /k01/audit-corrections 200 in 167ms (next.js: 42ms, application-code: 124ms)
 GET /k01/fridge-count 200 in 232ms (next.js: 6ms, application-code: 226ms)
 GET /k01/audit-corrections 200 in 265ms (next.js: 39ms, application-code: 226ms)
 GET /k01/fridge-count 200 in 254ms (next.js: 104ms, application-code: 150ms)
 GET /k01/audit-corrections 200 in 379ms (next.js: 143ms, application-code: 236ms)
 GET /k01/fridge-count 200 in 227ms (next.js: 7ms, application-code: 220ms)
 GET /k01/audit-corrections 200 in 253ms (next.js: 130ms, application-code: 123ms)
 GET /k01/fridge-count 200 in 133ms (next.js: 9ms, application-code: 125ms)
 GET /k01/audit-corrections 200 in 171ms (next.js: 40ms, application-code: 131ms)
 GET /k01/fridge-count 200 in 156ms (next.js: 6ms, application-code: 150ms)
 GET /k01/audit-corrections 200 in 192ms (next.js: 42ms, application-code: 151ms)
 GET /k01/fridge-count 200 in 203ms (next.js: 9ms, application-code: 194ms)
 GET /k01/audit-corrections 200 in 202ms (next.js: 52ms, application-code: 150ms)
 GET /k01/fridge-count 200 in 189ms (next.js: 9ms, application-code: 180ms)
 GET /k01/audit-corrections 200 in 188ms (next.js: 53ms, application-code: 135ms)
 GET /k01/fridge-count 200 in 133ms (next.js: 8ms, application-code: 125ms)
 GET /k01/audit-corrections 200 in 173ms (next.js: 40ms, application-code: 133ms)
 GET /k01/fridge-count 200 in 241ms (next.js: 6ms, application-code: 235ms)
 GET /k01/audit-corrections 200 in 272ms (next.js: 43ms, application-code: 229ms)
 GET /k01/fridge-count 200 in 228ms (next.js: 103ms, application-code: 125ms)
 GET /k01/audit-corrections 200 in 358ms (next.js: 138ms, application-code: 220ms)
 GET /k01/fridge-count 200 in 252ms (next.js: 7ms, application-code: 246ms)
 GET /k01/audit-corrections 200 in 306ms (next.js: 131ms, application-code: 175ms)
 GET /k01/fridge-count 200 in 135ms (next.js: 7ms, application-code: 128ms)
 GET /k01/audit-corrections 200 in 140ms (next.js: 61ms, application-code: 79ms)
 GET /k01/fridge-count 200 in 204ms (next.js: 35ms, application-code: 169ms)
 GET /k01/audit-corrections 200 in 152ms (next.js: 7ms, application-code: 145ms)
 GET /k01/fridge-count 200 in 97ms (next.js: 9ms, application-code: 89ms)
 GET /k01/audit-corrections 200 in 142ms (next.js: 6ms, application-code: 136ms)
 GET /k01/fridge-count 200 in 144ms (next.js: 10ms, application-code: 133ms)
 GET /k01/audit-corrections 200 in 137ms (next.js: 7ms, application-code: 130ms)
 GET /k01/fridge-count 200 in 101ms (next.js: 8ms, application-code: 93ms)
 GET /k01/audit-corrections 200 in 156ms (next.js: 7ms, application-code: 150ms)
 GET /k01/fridge-count 200 in 162ms (next.js: 11ms, application-code: 151ms)
 GET /k01/audit-corrections 200 in 150ms (next.js: 8ms, application-code: 142ms)
 GET /k01/fridge-count 200 in 236ms (next.js: 7ms, application-code: 229ms)
 GET /k01/audit-corrections 200 in 321ms (next.js: 9ms, application-code: 312ms)
 GET /k01/fridge-count 200 in 317ms (next.js: 100ms, application-code: 217ms)
 GET /k01/audit-corrections 200 in 223ms (next.js: 97ms, application-code: 126ms)
 GET /k01/fridge-count 200 in 128ms (next.js: 8ms, application-code: 120ms)
 GET /k01/audit-corrections 200 in 124ms (next.js: 7ms, application-code: 117ms)
 GET /k01/fridge-count 200 in 137ms (next.js: 7ms, application-code: 130ms)
 GET /k01/audit-corrections 200 in 141ms (next.js: 8ms, application-code: 133ms)
 GET /k01/fridge-count 200 in 142ms (next.js: 21ms, application-code: 121ms)
 GET /k01/audit-corrections 200 in 132ms (next.js: 9ms, application-code: 123ms)
 GET /k01/fridge-count 200 in 134ms (next.js: 6ms, application-code: 127ms)
 GET /k01/audit-corrections 200 in 158ms (next.js: 10ms, application-code: 148ms)
 GET /k01/fridge-count 200 in 160ms (next.js: 11ms, application-code: 149ms)
 GET /k01/audit-corrections 200 in 126ms (next.js: 7ms, application-code: 119ms)
 GET /k01/fridge-count 200 in 143ms (next.js: 8ms, application-code: 135ms)
 GET /k01/audit-corrections 200 in 146ms (next.js: 11ms, application-code: 135ms)
 GET /k01/fridge-count 200 in 274ms (next.js: 41ms, application-code: 233ms)
 GET /k01/audit-corrections 200 in 339ms (next.js: 6ms, application-code: 333ms)
 GET /k01/fridge-count 200 in 374ms (next.js: 150ms, application-code: 224ms)
 GET /k01/audit-corrections 200 in 239ms (next.js: 97ms, application-code: 143ms)
 GET /k01/fridge-count 200 in 273ms (next.js: 137ms, application-code: 135ms)
 GET /k01/audit-corrections 200 in 143ms (next.js: 8ms, application-code: 136ms)
 GET /k01/fridge-count 200 in 172ms (next.js: 45ms, application-code: 127ms)
 GET /k01/audit-corrections 200 in 169ms (next.js: 7ms, application-code: 162ms)
 GET /k01/fridge-count 200 in 201ms (next.js: 42ms, application-code: 159ms)
 GET /k01/audit-corrections 200 in 169ms (next.js: 7ms, application-code: 162ms)
 GET /k01/fridge-count 200 in 201ms (next.js: 71ms, application-code: 130ms)
 GET /k01/audit-corrections 200 in 147ms (next.js: 6ms, application-code: 141ms)
 GET /k01/fridge-count 200 in 177ms (next.js: 43ms, application-code: 134ms)
 GET /k01/audit-corrections 200 in 147ms (next.js: 9ms, application-code: 138ms)
 GET /k01/fridge-count 200 in 186ms (next.js: 41ms, application-code: 145ms)
 GET /k01/audit-corrections 200 in 152ms (next.js: 7ms, application-code: 145ms)
 GET /k01/fridge-count 200 in 193ms (next.js: 53ms, application-code: 140ms)
 GET /k01/audit-corrections 200 in 152ms (next.js: 6ms, application-code: 146ms)
 GET /k01/fridge-count 200 in 281ms (next.js: 37ms, application-code: 243ms)
 GET /k01/audit-corrections 200 in 343ms (next.js: 6ms, application-code: 337ms)
 GET /k01/fridge-count 200 in 377ms (next.js: 139ms, application-code: 238ms)
 GET /k01/audit-corrections 200 in 245ms (next.js: 102ms, application-code: 143ms)
 GET /k01/fridge-count 200 in 277ms (next.js: 146ms, application-code: 132ms)
 GET /k01/audit-corrections 200 in 141ms (next.js: 6ms, application-code: 135ms)
 GET /k01/fridge-count 200 in 170ms (next.js: 46ms, application-code: 124ms)
 GET /k01/audit-corrections 200 in 145ms (next.js: 6ms, application-code: 139ms)
 GET /k01/fridge-count 200 in 165ms (next.js: 45ms, application-code: 119ms)
 GET /k01/audit-corrections 200 in 82ms (next.js: 6ms, application-code: 76ms)
✓ Compiled in 2.4s
✓ Compiled in 139ms
✓ Compiled in 514ms
 GET /k01/audit-corrections 200 in 873ms (next.js: 543ms, application-code: 330ms)
 GET /k01/fridge-count 200 in 876ms (next.js: 723ms, application-code: 153ms)
 GET /k01/audit-corrections 200 in 161ms (next.js: 14ms, application-code: 148ms)
 GET /k01/fridge-count 200 in 215ms (next.js: 49ms, application-code: 166ms)
 GET /k01/audit-corrections 200 in 165ms (next.js: 9ms, application-code: 156ms)
 GET /k01/fridge-count 200 in 201ms (next.js: 50ms, application-code: 151ms)
 GET /k01/audit-corrections 200 in 113ms (next.js: 12ms, application-code: 101ms)
 GET /k01/fridge-count 200 in 111ms (next.js: 45ms, application-code: 66ms)
 GET /k01/fridge-count 200 in 211ms (next.js: 16ms, application-code: 195ms)
 GET /k01/audit-corrections 200 in 215ms (next.js: 77ms, application-code: 138ms)
 GET /k01/fridge-count 200 in 144ms (next.js: 15ms, application-code: 129ms)
 GET /k01/audit-corrections 200 in 191ms (next.js: 54ms, application-code: 137ms)
 GET /k01/fridge-count 200 in 293ms (next.js: 12ms, application-code: 281ms)
 GET /k01/audit-corrections 200 in 296ms (next.js: 43ms, application-code: 253ms)
 GET /k01/fridge-count 200 in 254ms (next.js: 9ms, application-code: 245ms)
 GET /k01/audit-corrections 200 in 291ms (next.js: 60ms, application-code: 231ms)
 GET /k01/fridge-count 200 in 145ms (next.js: 9ms, application-code: 136ms)
 GET /k01/audit-corrections 200 in 184ms (next.js: 48ms, application-code: 137ms)
 GET /k01/fridge-count 200 in 160ms (next.js: 7ms, application-code: 153ms)
 GET /k01/audit-corrections 200 in 193ms (next.js: 44ms, application-code: 148ms)
 GET /k01/fridge-count 200 in 280ms (next.js: 7ms, application-code: 273ms)
 GET /k01/audit-corrections 200 in 421ms (next.js: 60ms, application-code: 361ms)
 GET /k01/fridge-count 200 in 365ms (next.js: 119ms, application-code: 245ms)
 GET /k01/audit-corrections 200 in 401ms (next.js: 263ms, application-code: 139ms)
 GET /k01/fridge-count 200 in 150ms (next.js: 7ms, application-code: 143ms)
 GET /k01/audit-corrections 200 in 184ms (next.js: 39ms, application-code: 145ms)
 GET /k01/fridge-count 200 in 136ms (next.js: 7ms, application-code: 128ms)
 GET /k01/audit-corrections 200 in 167ms (next.js: 37ms, application-code: 130ms)
 GET /k01/fridge-count 200 in 144ms (next.js: 7ms, application-code: 137ms)
 GET /k01/audit-corrections 200 in 174ms (next.js: 42ms, application-code: 132ms)
 GET /k01/fridge-count 200 in 150ms (next.js: 7ms, application-code: 143ms)
 GET /k01/audit-corrections 200 in 190ms (next.js: 48ms, application-code: 142ms)
 GET /k01/fridge-count 200 in 155ms (next.js: 8ms, application-code: 147ms)
 GET /k01/audit-corrections 200 in 189ms (next.js: 48ms, application-code: 141ms)
 GET /k01/audit-corrections 200 in 206ms (next.js: 47ms, application-code: 159ms)
 GET /k01/fridge-count 200 in 209ms (next.js: 9ms, application-code: 200ms)
 GET /k01/fridge-count 200 in 115ms (next.js: 10ms, application-code: 105ms)
 GET /k01/audit-corrections 200 in 115ms (next.js: 55ms, application-code: 60ms)
 GET /k01/fridge-count 200 in 345ms (next.js: 76ms, application-code: 269ms)
 GET /k01/audit-corrections 200 in 348ms (next.js: 115ms, application-code: 234ms)
 GET /k01/fridge-count 200 in 256ms (next.js: 116ms, application-code: 140ms)
 GET /k01/audit-corrections 200 in 395ms (next.js: 151ms, application-code: 244ms)
 GET /k01/fridge-count 200 in 273ms (next.js: 6ms, application-code: 267ms)
 GET /k01/audit-corrections 200 in 311ms (next.js: 154ms, application-code: 157ms)
 GET /k01/fridge-count 200 in 171ms (next.js: 9ms, application-code: 161ms)
 GET /k01/audit-corrections 200 in 213ms (next.js: 57ms, application-code: 156ms)
 GET /k01/fridge-count 200 in 159ms (next.js: 8ms, application-code: 151ms)
 GET /k01/audit-corrections 200 in 174ms (next.js: 9ms, application-code: 166ms)
 GET /k01/fridge-count 200 in 162ms (next.js: 8ms, application-code: 155ms)
 GET /k01/audit-corrections 200 in 159ms (next.js: 13ms, application-code: 147ms)
 GET /k01/fridge-count 200 in 148ms (next.js: 8ms, application-code: 140ms)
 GET /k01/audit-corrections 200 in 191ms (next.js: 45ms, application-code: 146ms)
 GET /k01/fridge-count 200 in 157ms (next.js: 7ms, application-code: 149ms)
 GET /k01/audit-corrections 200 in 159ms (next.js: 10ms, application-code: 149ms)
 GET /k01/fridge-count 200 in 271ms (next.js: 6ms, application-code: 265ms)
 GET /k01/audit-corrections 200 in 265ms (next.js: 9ms, application-code: 256ms)
 GET /k01/fridge-count 200 in 269ms (next.js: 114ms, application-code: 155ms)
 GET /k01/audit-corrections 200 in 251ms (next.js: 11ms, application-code: 240ms)
 GET /k01/fridge-count 200 in 249ms (next.js: 8ms, application-code: 241ms)
 GET /k01/audit-corrections 200 in 246ms (next.js: 106ms, application-code: 140ms)
 GET /k01/fridge-count 200 in 146ms (next.js: 8ms, application-code: 138ms)
 GET /k01/audit-corrections 200 in 145ms (next.js: 7ms, application-code: 138ms)
 GET /k01/fridge-count 200 in 169ms (next.js: 9ms, application-code: 160ms)
 GET /k01/audit-corrections 200 in 125ms (next.js: 7ms, application-code: 119ms)
 GET /k01/fridge-count 200 in 153ms (next.js: 7ms, application-code: 146ms)
 GET /k01/audit-corrections 200 in 107ms (next.js: 9ms, application-code: 98ms)
 GET /k01/fridge-count 200 in 152ms (next.js: 9ms, application-code: 143ms)
 GET /k01/audit-corrections 200 in 342ms (next.js: 9ms, application-code: 333ms)
 GET /k01/fridge-count 200 in 338ms (next.js: 43ms, application-code: 295ms)
 GET /k01/audit-corrections 200 in 545ms (next.js: 126ms, application-code: 419ms)
 GET /k01/fridge-count 200 in 545ms (next.js: 291ms, application-code: 254ms)
 GET /k01/audit-corrections 200 in 224ms (next.js: 130ms, application-code: 95ms)
 GET /k01/fridge-count 200 in 301ms (next.js: 163ms, application-code: 138ms)
 GET /k01/audit-corrections 200 in 177ms (next.js: 10ms, application-code: 167ms)
 GET /k01/fridge-count 200 in 177ms (next.js: 39ms, application-code: 137ms)
 GET /k01/audit-corrections 200 in 160ms (next.js: 6ms, application-code: 153ms)
 GET /k01/fridge-count 200 in 213ms (next.js: 40ms, application-code: 173ms)
 GET /k01/audit-corrections 200 in 161ms (next.js: 7ms, application-code: 154ms)
 GET /k01/fridge-count 200 in 202ms (next.js: 46ms, application-code: 156ms)
 GET /k01/audit-corrections 200 in 150ms (next.js: 8ms, application-code: 142ms)
 GET /k01/fridge-count 200 in 190ms (next.js: 47ms, application-code: 144ms)
 GET /k01/audit-corrections 200 in 140ms (next.js: 9ms, application-code: 132ms)
 GET /k01/fridge-count 200 in 179ms (next.js: 40ms, application-code: 139ms)
 GET /k01/audit-corrections 200 in 154ms (next.js: 6ms, application-code: 148ms)
 GET /k01/fridge-count 200 in 195ms (next.js: 40ms, application-code: 155ms)
 GET /k01/audit-corrections 200 in 158ms (next.js: 8ms, application-code: 150ms)
 GET /k01/fridge-count 200 in 309ms (next.js: 49ms, application-code: 260ms)
 GET /k01/audit-corrections 200 in 395ms (next.js: 9ms, application-code: 386ms)
 GET /k01/fridge-count 200 in 430ms (next.js: 149ms, application-code: 281ms)
 GET /k01/audit-corrections 200 in 284ms (next.js: 121ms, application-code: 162ms)
 GET /k01/fridge-count 200 in 314ms (next.js: 173ms, application-code: 141ms)
 GET /k01/audit-corrections 200 in 103ms (next.js: 8ms, application-code: 95ms)
 GET /k01/fridge-count 200 in 179ms (next.js: 47ms, application-code: 132ms)
 GET /k01/audit-corrections 200 in 236ms (next.js: 7ms, application-code: 229ms)
 GET /k01/fridge-count 200 in 361ms (next.js: 45ms, application-code: 316ms)
 GET /k01/audit-corrections 200 in 299ms (next.js: 9ms, application-code: 290ms)
 GET /k01/fridge-count 200 in 347ms (next.js: 64ms, application-code: 282ms)
 GET /k01/audit-corrections 200 in 113ms (next.js: 6ms, application-code: 107ms)
 GET /k01/fridge-count 200 in 160ms (next.js: 43ms, application-code: 117ms)
 GET /k01/audit-corrections 200 in 170ms (next.js: 10ms, application-code: 160ms)
 GET /k01/fridge-count 200 in 272ms (next.js: 10ms, application-code: 262ms)
 GET /k01/audit-corrections 200 in 225ms (next.js: 10ms, application-code: 215ms)
 GET /k01/fridge-count 200 in 379ms (next.js: 112ms, application-code: 268ms)
 GET /k01/audit-corrections 200 in 279ms (next.js: 113ms, application-code: 166ms)
 GET /k01/fridge-count 200 in 320ms (next.js: 160ms, application-code: 160ms)
 GET /k01/audit-corrections 200 in 169ms (next.js: 7ms, application-code: 162ms)
 GET /k01/fridge-count 200 in 165ms (next.js: 9ms, application-code: 156ms)
 GET /k01/audit-corrections 200 in 117ms (next.js: 8ms, application-code: 109ms)
 GET /k01/fridge-count 200 in 144ms (next.js: 12ms, application-code: 133ms)
 GET /k01/audit-corrections 200 in 132ms (next.js: 8ms, application-code: 124ms)
 GET /k01/fridge-count 200 in 134ms (next.js: 8ms, application-code: 125ms)
 GET /k01/audit-corrections 200 in 102ms (next.js: 8ms, application-code: 93ms)
 GET /k01/fridge-count 200 in 144ms (next.js: 8ms, application-code: 136ms)
 GET /k01/audit-corrections 200 in 155ms (next.js: 13ms, application-code: 142ms)
 GET /k01/fridge-count 200 in 189ms (next.js: 45ms, application-code: 145ms)
 GET /k01/audit-corrections 200 in 114ms (next.js: 7ms, application-code: 107ms)
 GET /k01/fridge-count 200 in 206ms (next.js: 50ms, application-code: 156ms)
 GET /k01/audit-corrections 200 in 167ms (next.js: 8ms, application-code: 159ms)
 GET /k01/fridge-count 200 in 306ms (next.js: 42ms, application-code: 264ms)
 GET /k01/audit-corrections 200 in 353ms (next.js: 9ms, application-code: 344ms)
 GET /k01/fridge-count 200 in 384ms (next.js: 148ms, application-code: 236ms)
 GET /k01/audit-corrections 200 in 256ms (next.js: 108ms, application-code: 149ms)
 GET /k01/fridge-count 200 in 295ms (next.js: 147ms, application-code: 148ms)
 GET /k01/audit-corrections 200 in 158ms (next.js: 6ms, application-code: 152ms)
 GET /k01/fridge-count 200 in 206ms (next.js: 53ms, application-code: 153ms)
 GET /k01/audit-corrections 200 in 161ms (next.js: 8ms, application-code: 153ms)
 GET /k01/fridge-count 200 in 197ms (next.js: 45ms, application-code: 151ms)
 GET /k01/audit-corrections 200 in 163ms (next.js: 8ms, application-code: 155ms)
 GET /k01/fridge-count 200 in 206ms (next.js: 45ms, application-code: 162ms)
 GET /k01/audit-corrections 200 in 190ms (next.js: 7ms, application-code: 183ms)
 GET /k01/fridge-count 200 in 235ms (next.js: 57ms, application-code: 178ms)
 GET /k01/audit-corrections 200 in 178ms (next.js: 9ms, application-code: 170ms)
 GET /k01/fridge-count 200 in 216ms (next.js: 61ms, application-code: 155ms)
 GET /k01/fridge-count 200 in 333ms (next.js: 50ms, application-code: 283ms)
 GET /k01/audit-corrections 200 in 336ms (next.js: 12ms, application-code: 323ms)
 GET /k01/audit-corrections 200 in 395ms (next.js: 9ms, application-code: 385ms)
 GET /k01/fridge-count 200 in 436ms (next.js: 154ms, application-code: 282ms)
 GET /k01/audit-corrections 200 in 248ms (next.js: 111ms, application-code: 137ms)
 GET /k01/fridge-count 200 in 275ms (next.js: 151ms, application-code: 123ms)
 GET /k01/audit-corrections 200 in 125ms (next.js: 10ms, application-code: 115ms)
 GET /k01/fridge-count 200 in 163ms (next.js: 39ms, application-code: 124ms)
 GET /k01/audit-corrections 200 in 85ms (next.js: 6ms, application-code: 78ms)
 GET /k01/fridge-count 200 in 81ms (next.js: 38ms, application-code: 43ms)
 GET /k01/fridge-count 200 in 290ms (next.js: 8ms, application-code: 282ms)
 GET /k01/audit-corrections 200 in 294ms (next.js: 60ms, application-code: 234ms)
 GET /k01/fridge-count 200 in 203ms (next.js: 18ms, application-code: 185ms)
 GET /k01/audit-corrections 200 in 238ms (next.js: 67ms, application-code: 172ms)
 GET /k01/fridge-count 200 in 280ms (next.js: 9ms, application-code: 271ms)
 GET /k01/audit-corrections 200 in 322ms (next.js: 59ms, application-code: 264ms)
 GET /k01/fridge-count 200 in 276ms (next.js: 122ms, application-code: 155ms)
 GET /k01/audit-corrections 200 in 311ms (next.js: 166ms, application-code: 146ms)
 GET /k01/fridge-count 200 in 149ms (next.js: 7ms, application-code: 142ms)
 GET /k01/audit-corrections 200 in 185ms (next.js: 46ms, application-code: 139ms)
 GET /k01/fridge-count 200 in 155ms (next.js: 7ms, application-code: 148ms)
 GET /k01/audit-corrections 200 in 208ms (next.js: 41ms, application-code: 166ms)
 GET /k01/fridge-count 200 in 116ms (next.js: 6ms, application-code: 110ms)
 GET /k01/audit-corrections 200 in 195ms (next.js: 40ms, application-code: 154ms)
 GET /k01/fridge-count 200 in 154ms (next.js: 11ms, application-code: 143ms)
 GET /k01/audit-corrections 200 in 308ms (next.js: 53ms, application-code: 255ms)
 GET /k01/fridge-count 200 in 268ms (next.js: 9ms, application-code: 259ms)
 GET /k01/audit-corrections 200 in 302ms (next.js: 151ms, application-code: 151ms)
 GET /k01/fridge-count 200 in 144ms (next.js: 7ms, application-code: 137ms)
 GET /k01/audit-corrections 200 in 184ms (next.js: 45ms, application-code: 139ms)
 GET /k01/fridge-count 200 in 149ms (next.js: 7ms, application-code: 142ms)
 GET /k01/audit-corrections 200 in 183ms (next.js: 44ms, application-code: 140ms)
 GET /k01/fridge-count 200 in 323ms (next.js: 11ms, application-code: 312ms)
 GET /k01/audit-corrections 200 in 321ms (next.js: 50ms, application-code: 271ms)
 GET /k01/fridge-count 200 in 284ms (next.js: 117ms, application-code: 167ms)
 GET /k01/audit-corrections 200 in 327ms (next.js: 175ms, application-code: 152ms)
 GET /k01/fridge-count 200 in 160ms (next.js: 6ms, application-code: 154ms)
 GET /k01/audit-corrections 200 in 220ms (next.js: 48ms, application-code: 171ms)
 GET /k01/fridge-count 200 in 221ms (next.js: 10ms, application-code: 211ms)
 GET /k01/audit-corrections 200 in 219ms (next.js: 53ms, application-code: 166ms)
 GET /k01/fridge-count 200 in 187ms (next.js: 13ms, application-code: 174ms)
 GET /k01/audit-corrections 200 in 186ms (next.js: 48ms, application-code: 138ms)
 GET /k01/fridge-count 200 in 146ms (next.js: 12ms, application-code: 133ms)
 GET /k01/audit-corrections 200 in 298ms (next.js: 50ms, application-code: 248ms)
 GET /k01/fridge-count 200 in 254ms (next.js: 7ms, application-code: 246ms)
 GET /k01/audit-corrections 200 in 295ms (next.js: 144ms, application-code: 151ms)
 GET /k01/fridge-count 200 in 148ms (next.js: 7ms, application-code: 141ms)
 GET /k01/audit-corrections 200 in 188ms (next.js: 41ms, application-code: 146ms)
 GET /k01/fridge-count 200 in 146ms (next.js: 10ms, application-code: 136ms)
 GET /k01/audit-corrections 200 in 195ms (next.js: 44ms, application-code: 151ms)
 GET /k01/fridge-count 200 in 276ms (next.js: 7ms, application-code: 269ms)
 GET /k01/audit-corrections 200 in 320ms (next.js: 46ms, application-code: 274ms)
 GET /k01/fridge-count 200 in 277ms (next.js: 111ms, application-code: 166ms)
 GET /k01/audit-corrections 200 in 320ms (next.js: 164ms, application-code: 156ms)
 GET /k01/fridge-count 200 in 162ms (next.js: 8ms, application-code: 154ms)
 GET /k01/audit-corrections 200 in 202ms (next.js: 54ms, application-code: 148ms)
 GET /k01/fridge-count 200 in 182ms (next.js: 8ms, application-code: 174ms)
 GET /k01/audit-corrections 200 in 212ms (next.js: 49ms, application-code: 163ms)
 GET /k01/fridge-count 200 in 135ms (next.js: 7ms, application-code: 128ms)
 GET /k01/audit-corrections 200 in 168ms (next.js: 42ms, application-code: 126ms)
 GET /k01/fridge-count 200 in 96ms (next.js: 6ms, application-code: 89ms)
 GET /k01/audit-corrections 200 in 234ms (next.js: 44ms, application-code: 189ms)
 GET /k01/audit-corrections 200 in 153ms (next.js: 114ms, application-code: 39ms)
✓ Compiled in 110ms
✓ Compiled in 120ms
 GET /k01/audit-corrections 200 in 508ms (next.js: 237ms, application-code: 272ms)
 GET /k01/fridge-count 200 in 508ms (next.js: 383ms, application-code: 125ms)
 GET /k01/audit-corrections 200 in 132ms (next.js: 10ms, application-code: 122ms)
 GET /k01/fridge-count 200 in 165ms (next.js: 42ms, application-code: 123ms)
 GET /k01/audit-corrections 200 in 125ms (next.js: 9ms, application-code: 116ms)
 GET /k01/fridge-count 200 in 124ms (next.js: 37ms, application-code: 87ms)
 GET /k01/audit-corrections 200 in 120ms (next.js: 5ms, application-code: 115ms)
 GET /k01/fridge-count 200 in 155ms (next.js: 40ms, application-code: 115ms)
 GET /k01/audit-corrections 200 in 132ms (next.js: 6ms, application-code: 127ms)
 GET /k01/fridge-count 200 in 160ms (next.js: 36ms, application-code: 124ms)
 GET /k01/audit-corrections 200 in 123ms (next.js: 7ms, application-code: 115ms)
 GET /k01/fridge-count 200 in 150ms (next.js: 45ms, application-code: 105ms)
 GET /k01/audit-corrections 200 in 116ms (next.js: 5ms, application-code: 110ms)
 GET /k01/fridge-count 200 in 145ms (next.js: 34ms, application-code: 111ms)
 GET /k01/audit-corrections 200 in 122ms (next.js: 7ms, application-code: 116ms)
 GET /k01/fridge-count 200 in 159ms (next.js: 35ms, application-code: 124ms)
 GET /k01/audit-corrections 200 in 244ms (next.js: 5ms, application-code: 239ms)
 GET /k01/fridge-count 200 in 244ms (next.js: 41ms, application-code: 203ms)
 GET /k01/audit-corrections 200 in 221ms (next.js: 89ms, application-code: 132ms)
 GET /k01/fridge-count 200 in 436ms (next.js: 120ms, application-code: 316ms)
 GET /k01/audit-corrections 200 in 308ms (next.js: 10ms, application-code: 298ms)
 GET /k01/fridge-count 200 in 335ms (next.js: 133ms, application-code: 202ms)
 GET /k01/audit-corrections 200 in 116ms (next.js: 6ms, application-code: 111ms)
 GET /k01/fridge-count 200 in 143ms (next.js: 33ms, application-code: 110ms)
 GET /k01/audit-corrections 200 in 121ms (next.js: 7ms, application-code: 114ms)
 GET /k01/fridge-count 200 in 152ms (next.js: 35ms, application-code: 117ms)
 GET /k01/audit-corrections 200 in 124ms (next.js: 7ms, application-code: 117ms)
 GET /k01/fridge-count 200 in 148ms (next.js: 42ms, application-code: 107ms)
 GET /k01/audit-corrections 200 in 110ms (next.js: 8ms, application-code: 102ms)
 GET /k01/fridge-count 200 in 136ms (next.js: 33ms, application-code: 103ms)
 GET /k01/audit-corrections 200 in 122ms (next.js: 5ms, application-code: 117ms)
 GET /k01/fridge-count 200 in 149ms (next.js: 36ms, application-code: 113ms)
 GET /k01/audit-corrections 200 in 202ms (next.js: 6ms, application-code: 196ms)
 GET /k01/fridge-count 200 in 224ms (next.js: 34ms, application-code: 190ms)
 GET /k01/audit-corrections 200 in 196ms (next.js: 90ms, application-code: 106ms)
 GET /k01/fridge-count 200 in 312ms (next.js: 120ms, application-code: 191ms)
 GET /k01/audit-corrections 200 in 202ms (next.js: 6ms, application-code: 196ms)
 GET /k01/fridge-count 200 in 231ms (next.js: 116ms, application-code: 115ms)
 GET /k01/audit-corrections 200 in 86ms (next.js: 6ms, application-code: 80ms)
 GET /k01/fridge-count 200 in 146ms (next.js: 35ms, application-code: 111ms)
 GET /k01/audit-corrections 200 in 116ms (next.js: 8ms, application-code: 108ms)
 GET /k01/fridge-count 200 in 144ms (next.js: 38ms, application-code: 106ms)
 GET /k01/audit-corrections 200 in 146ms (next.js: 6ms, application-code: 140ms)
 GET /k01/fridge-count 200 in 143ms (next.js: 35ms, application-code: 108ms)
 GET /k01/audit-corrections 200 in 127ms (next.js: 6ms, application-code: 121ms)
 GET /k01/fridge-count 200 in 159ms (next.js: 36ms, application-code: 123ms)
 GET /k01/audit-corrections 200 in 139ms (next.js: 6ms, application-code: 132ms)
 GET /k01/fridge-count 200 in 136ms (next.js: 14ms, application-code: 122ms)
 GET /k01/audit-corrections 200 in 134ms (next.js: 6ms, application-code: 128ms)
 GET /k01/fridge-count 200 in 127ms (next.js: 7ms, application-code: 120ms)
 GET /k01/audit-corrections 200 in 208ms (next.js: 8ms, application-code: 200ms)
 GET /k01/fridge-count 200 in 198ms (next.js: 8ms, application-code: 190ms)
 GET /k01/audit-corrections 200 in 196ms (next.js: 90ms, application-code: 106ms)
 GET /k01/fridge-count 200 in 192ms (next.js: 6ms, application-code: 187ms)
 GET /k01/audit-corrections 200 in 205ms (next.js: 6ms, application-code: 199ms)
 GET /k01/fridge-count 200 in 205ms (next.js: 86ms, application-code: 119ms)
 GET /k01/audit-corrections 200 in 119ms (next.js: 8ms, application-code: 111ms)
 GET /k01/fridge-count 200 in 117ms (next.js: 7ms, application-code: 110ms)
 GET /k01/audit-corrections 200 in 112ms (next.js: 6ms, application-code: 106ms)
 GET /k01/fridge-count 200 in 105ms (next.js: 6ms, application-code: 99ms)
 GET /k01/audit-corrections 200 in 117ms (next.js: 6ms, application-code: 111ms)
 GET /k01/fridge-count 200 in 127ms (next.js: 6ms, application-code: 120ms)
 GET /k01/audit-corrections 200 in 136ms (next.js: 7ms, application-code: 129ms)
 GET /k01/fridge-count 200 in 135ms (next.js: 9ms, application-code: 127ms)
 GET /k01/audit-corrections 200 in 128ms (next.js: 6ms, application-code: 123ms)
 GET /k01/fridge-count 200 in 120ms (next.js: 9ms, application-code: 111ms)
 GET /k01/audit-corrections 200 in 83ms (next.js: 6ms, application-code: 77ms)
 GET /k01/fridge-count 200 in 110ms (next.js: 6ms, application-code: 104ms)
 GET /k01/audit-corrections 200 in 200ms (next.js: 7ms, application-code: 193ms)
 GET /k01/fridge-count 200 in 226ms (next.js: 33ms, application-code: 193ms)
 GET /k01/audit-corrections 200 in 205ms (next.js: 90ms, application-code: 116ms)
 GET /k01/fridge-count 200 in 314ms (next.js: 124ms, application-code: 190ms)
 GET /k01/audit-corrections 200 in 210ms (next.js: 7ms, application-code: 203ms)
 GET /k01/fridge-count 200 in 237ms (next.js: 114ms, application-code: 123ms)
 GET /k01/audit-corrections 200 in 116ms (next.js: 5ms, application-code: 111ms)
 GET /k01/fridge-count 200 in 115ms (next.js: 7ms, application-code: 108ms)
 GET /k01/audit-corrections 200 in 118ms (next.js: 6ms, application-code: 112ms)
 GET /k01/fridge-count 200 in 119ms (next.js: 7ms, application-code: 113ms)
 GET /k01/audit-corrections 200 in 113ms (next.js: 9ms, application-code: 104ms)
 GET /k01/fridge-count 200 in 143ms (next.js: 34ms, application-code: 109ms)
 GET /k01/audit-corrections 200 in 119ms (next.js: 5ms, application-code: 114ms)
 GET /k01/fridge-count 200 in 168ms (next.js: 33ms, application-code: 135ms)
 GET /k01/audit-corrections 200 in 136ms (next.js: 6ms, application-code: 130ms)
 GET /k01/fridge-count 200 in 175ms (next.js: 50ms, application-code: 125ms)
 GET /k01/audit-corrections 200 in 138ms (next.js: 6ms, application-code: 132ms)
 GET /k01/fridge-count 200 in 143ms (next.js: 37ms, application-code: 106ms)
 GET /k01/audit-corrections 200 in 214ms (next.js: 11ms, application-code: 203ms)
 GET /k01/fridge-count 200 in 210ms (next.js: 11ms, application-code: 199ms)
 GET /k01/audit-corrections 200 in 202ms (next.js: 92ms, application-code: 110ms)
 GET /k01/fridge-count 200 in 204ms (next.js: 7ms, application-code: 197ms)
 GET /k01/audit-corrections 200 in 205ms (next.js: 6ms, application-code: 200ms)
 GET /k01/fridge-count 200 in 209ms (next.js: 87ms, application-code: 122ms)
 GET /k01/audit-corrections 200 in 124ms (next.js: 6ms, application-code: 118ms)
 GET /k01/fridge-count 200 in 155ms (next.js: 37ms, application-code: 118ms)
 GET /k01/audit-corrections 200 in 123ms (next.js: 6ms, application-code: 117ms)
 GET /k01/fridge-count 200 in 152ms (next.js: 41ms, application-code: 111ms)
 GET /k01/audit-corrections 200 in 113ms (next.js: 6ms, application-code: 107ms)
 GET /k01/fridge-count 200 in 144ms (next.js: 35ms, application-code: 109ms)
 GET /k01/audit-corrections 200 in 117ms (next.js: 6ms, application-code: 110ms)
 GET /k01/fridge-count 200 in 146ms (next.js: 35ms, application-code: 110ms)
 GET /k01/audit-corrections 200 in 131ms (next.js: 7ms, application-code: 124ms)
 GET /k01/fridge-count 200 in 157ms (next.js: 33ms, application-code: 124ms)
 GET /k01/audit-corrections 200 in 86ms (next.js: 5ms, application-code: 81ms)
 GET /k01/fridge-count 200 in 83ms (next.js: 50ms, application-code: 32ms)
 GET / 200 in 319ms (next.js: 114ms, application-code: 205ms)
 GET /dashboard 200 in 1153ms (next.js: 986ms, application-code: 167ms)
 GET /k01/audit-corrections 200 in 217ms (next.js: 125ms, application-code: 92ms)
 GET /dashboard/kiosk-comparison 200 in 657ms (next.js: 568ms, application-code: 89ms)
 GET / 200 in 57ms (next.js: 7ms, application-code: 50ms)
 GET /dashboard 200 in 58ms (next.js: 5ms, application-code: 53ms)
 GET /dashboard/stock-usage 200 in 384ms (next.js: 297ms, application-code: 87ms)
 GET /dashboard/kiosk-comparison 200 in 101ms (next.js: 15ms, application-code: 86ms)
 GET /dashboard/inbox 200 in 741ms (next.js: 646ms, application-code: 95ms)
 GET /dashboard 200 in 61ms (next.js: 7ms, application-code: 55ms)
 GET /dashboard/settings 200 in 370ms (next.js: 301ms, application-code: 69ms)
 GET /dashboard/inbox 200 in 60ms (next.js: 6ms, application-code: 55ms)
 GET /dashboard/tables 200 in 2.1s (next.js: 1944ms, application-code: 189ms)
 GET /k01/home 200 in 284ms (next.js: 140ms, application-code: 145ms)
[browser] ⨯ unhandledRejection: ReferenceError: Tabulator is not defined
    at <unknown> (components/dashboard/tables/DataTablesController.js:1664:34)
    at new Promise (<anonymous>)
    at DataGrid.renderGrid (components/dashboard/tables/DataTablesController.js:1662:27)
    at DataGrid.renderFromData (components/dashboard/tables/DataTablesController.js:1030:14)
    at <unknown> (components/dashboard/tables/DataTablesController.js:1994:22)
  1662 |         this.tableReady = new Promise((resolve) => {
  1663 |             // eslint-disable-next-line no-undef
> 1664 |             this.tabulator = new Tabulator(this.gridEl, {
       |                                  ^
  1665 |                 data: JSON.parse(JSON.stringify(rows)),
  1666 |                 layout: "fitDataFill",
  1667 |                 height: "100%",
 GET /dashboard 200 in 108ms (next.js: 55ms, application-code: 53ms)
✓ Compiled in 985ms
 GET /dashboard 200 in 492ms (next.js: 11ms, application-code: 481ms)
 GET /k01/fridge-count 200 in 436ms (next.js: 239ms, application-code: 196ms)
 GET /dashboard/tables/brand 200 in 435ms (next.js: 387ms, application-code: 48ms)
 GET /dashboard/inbox 200 in 116ms (next.js: 39ms, application-code: 77ms)
 GET /dashboard/tables/brand 200 in 332ms (next.js: 194ms, application-code: 139ms)
 GET /dashboard/tables 200 in 147ms (next.js: 85ms, application-code: 62ms)
 GET /dashboard/tables/brand 200 in 155ms (next.js: 96ms, application-code: 59ms)
 GET /dashboard/tables/user 200 in 144ms (next.js: 85ms, application-code: 59ms)
 GET /dashboard/tables/kiosk 200 in 140ms (next.js: 81ms, application-code: 59ms)
 GET /dashboard/tables/user 200 in 135ms (next.js: 80ms, application-code: 54ms)
✓ Compiled in 573ms
 GET /dashboard/tables/kiosk 200 in 164ms (next.js: 90ms, application-code: 74ms)
 GET /dashboard/tables/kiosk 200 in 167ms (next.js: 130ms, application-code: 37ms)
 GET /dashboard/tables/kiosk 200 in 182ms (next.js: 83ms, application-code: 99ms)
 GET /dashboard/tables/kiosk 200 in 157ms (next.js: 89ms, application-code: 68ms)
 GET /dashboard/tables/brand 200 in 147ms (next.js: 81ms, application-code: 67ms)
✓ Compiled in 176ms
 GET /k01/fridge-count 200 in 355ms (next.js: 92ms, application-code: 263ms)
 GET /dashboard/tables/kiosk 200 in 208ms (next.js: 113ms, application-code: 96ms)
 GET /dashboard/tables/kiosk 200 in 208ms (next.js: 165ms, application-code: 43ms)
✓ Compiled in 123ms
 GET /k01/fridge-count 200 in 321ms (next.js: 97ms, application-code: 224ms)
 GET /dashboard/tables/kiosk 200 in 320ms (next.js: 211ms, application-code: 110ms)
 GET /dashboard/tables/kiosk 200 in 72ms (next.js: 6ms, application-code: 66ms)
 GET /dashboard/tables/kiosk 200 in 168ms (next.js: 80ms, application-code: 88ms)
 GET /dashboard/kiosk-comparison 200 in 155ms (next.js: 26ms, application-code: 129ms)
[browser] Find Error - No matching column found: product_id (components/dashboard/tables/DataTablesController.js:1250:40)
 GET /dashboard/tables/kiosk 200 in 365ms (next.js: 86ms, application-code: 279ms)
 GET / 200 in 2.5s (next.js: 669ms, application-code: 1859ms)
 GET /dashboard 200 in 361ms (next.js: 81ms, application-code: 281ms)
 GET /k01/home 200 in 408ms (next.js: 218ms, application-code: 190ms)
 GET /dashboard 200 in 119ms (next.js: 15ms, application-code: 104ms)
 GET /dashboard/inbox 200 in 138ms (next.js: 27ms, application-code: 110ms)
 GET /dashboard/kiosk-comparison 200 in 107ms (next.js: 12ms, application-code: 94ms)
 GET /dashboard/stock-usage 200 in 202ms (next.js: 56ms, application-code: 145ms)
 GET /dashboard/settings 200 in 127ms (next.js: 40ms, application-code: 87ms)
 GET /dashboard/tables/kiosk 200 in 203ms (next.js: 105ms, application-code: 99ms)
 GET /k01/home 200 in 193ms (next.js: 97ms, application-code: 97ms)
 GET /k01/morning-waste 200 in 323ms (next.js: 200ms, application-code: 123ms)
 GET /k01/fridge-count 200 in 237ms (next.js: 121ms, application-code: 116ms)
 GET /k01/staff-food 200 in 291ms (next.js: 177ms, application-code: 115ms)
 GET /k01/food-waste 200 in 287ms (next.js: 155ms, application-code: 132ms)
 GET /k01/damaged-product 200 in 262ms (next.js: 159ms, application-code: 103ms)
 GET /k01/delivery-invoices 200 in 304ms (next.js: 183ms, application-code: 121ms)
 GET /k01/help-issues 200 in 4.2s (next.js: 4.1s, application-code: 93ms)
 GET /k01/move-stock 200 in 1998ms (next.js: 1884ms, application-code: 115ms)
 GET /k01/weekly-stocktake 200 in 266ms (next.js: 156ms, application-code: 110ms)
 GET /k01/monthly-audit 200 in 1816ms (next.js: 1732ms, application-code: 84ms)
 GET /k01/audit-corrections 200 in 204ms (next.js: 102ms, application-code: 102ms)
 GET /forbidden?reason=role 200 in 135ms (next.js: 37ms, application-code: 98ms)
 GET /login 200 in 135ms (next.js: 41ms, application-code: 94ms)
 GET /k01 200 in 189ms (next.js: 138ms, application-code: 51ms)
 GET /k01 200 in 49ms (next.js: 9ms, application-code: 40ms)
 GET /dashboard 200 in 225ms (next.js: 153ms, application-code: 72ms)
 GET /enter?token=d223e2635fbf4d93b0b9c0477cf7d15a&slug=k02 200 in 163ms (next.js: 56ms, application-code: 107ms)
 GET /k02/home 200 in 199ms (next.js: 115ms, application-code: 84ms)
 GET /enter?token=23710c6453d343cd9ae873cac42df78a&slug=k03 200 in 78ms (next.js: 7ms, application-code: 71ms)
 GET /k03/home 200 in 178ms (next.js: 105ms, application-code: 73ms)
 GET /enter?token=614d17ad65694f42a4b71d63abb78c3d&slug=k04 200 in 117ms (next.js: 14ms, application-code: 103ms)
 GET /k04/home 200 in 191ms (next.js: 99ms, application-code: 92ms)
 GET /k04/home 200 in 78ms (next.js: 5ms, application-code: 73ms)
 GET /k02/home 200 in 213ms (next.js: 115ms, application-code: 98ms)
 GET /k03/home 200 in 182ms (next.js: 98ms, application-code: 83ms)
 GET /k03/delivery-invoices 200 in 228ms (next.js: 128ms, application-code: 100ms)
 GET /k04/home 200 in 228ms (next.js: 121ms, application-code: 107ms)
 GET /k01/morning-waste 200 in 199ms (next.js: 121ms, application-code: 79ms)
✓ Compiled in 1362ms
 GET /k01/morning-waste 200 in 167ms (next.js: 107ms, application-code: 61ms)
 GET /dashboard/kiosk-comparison 200 in 73ms (next.js: 20ms, application-code: 52ms)
✓ Compiled in 234ms
 GET /dashboard/kiosk-comparison 200 in 68ms (next.js: 15ms, application-code: 53ms)
 GET /k01/morning-waste 200 in 166ms (next.js: 121ms, application-code: 45ms)
✓ Compiled in 185ms
 GET /k01/morning-waste 200 in 376ms (next.js: 117ms, application-code: 259ms)
 GET /dashboard/kiosk-comparison 200 in 209ms (next.js: 15ms, application-code: 193ms)
✓ Compiled in 165ms
 GET /dashboard/kiosk-comparison 200 in 202ms (next.js: 8ms, application-code: 194ms)
 GET /k01/morning-waste 200 in 149ms (next.js: 101ms, application-code: 48ms)
 GET /dashboard 200 in 82ms (next.js: 16ms, application-code: 66ms)
 GET /k01/staff-food 200 in 196ms (next.js: 98ms, application-code: 98ms)
 POST /api/process-now 500 in 177ms (next.js: 122ms, application-code: 55ms)
 GET /dashboard 200 in 79ms (next.js: 15ms, application-code: 64ms)
 GET /k01/morning-waste 200 in 298ms (next.js: 215ms, application-code: 83ms)
 POST /api/process-now 500 in 20ms (next.js: 10ms, application-code: 10ms)
 GET /k01/food-waste 200 in 188ms (next.js: 109ms, application-code: 78ms)
 GET /k01/food-waste 200 in 193ms (next.js: 110ms, application-code: 83ms)
 POST /api/process-now 500 in 14ms (next.js: 4ms, application-code: 9ms)
 GET /k01/move-stock 200 in 222ms (next.js: 132ms, application-code: 89ms)
 POST /api/process-now 500 in 15ms (next.js: 6ms, application-code: 10ms)
 GET /k01/damaged-product 200 in 183ms (next.js: 110ms, application-code: 73ms)
 POST /api/process-now 500 in 15ms (next.js: 5ms, application-code: 10ms)
 GET /k01/help-issues 200 in 194ms (next.js: 115ms, application-code: 79ms)
 POST /api/process-now 500 in 12ms (next.js: 4ms, application-code: 8ms)
 GET /k01/weekly-stocktake 200 in 183ms (next.js: 105ms, application-code: 78ms)
 POST /api/process-now 500 in 14ms (next.js: 6ms, application-code: 8ms)
 GET /k01/delivery-invoices 200 in 177ms (next.js: 106ms, application-code: 71ms)
 POST /api/process-now 500 in 22ms (next.js: 7ms, application-code: 16ms)
 GET /k01/monthly-audit 200 in 214ms (next.js: 123ms, application-code: 91ms)
 POST /api/process-now 500 in 20ms (next.js: 6ms, application-code: 14ms)
 GET /dashboard/inbox 200 in 119ms (next.js: 33ms, application-code: 86ms)
 GET /dashboard/inbox 200 in 94ms (next.js: 9ms, application-code: 85ms)
 GET /dashboard/settings 200 in 107ms (next.js: 30ms, application-code: 77ms)
 GET /dashboard/tables/brand 200 in 240ms (next.js: 136ms, application-code: 103ms)
 GET /dashboard/tables/supplier 200 in 210ms (next.js: 120ms, application-code: 90ms)
 GET /dashboard/inbox 200 in 123ms (next.js: 16ms, application-code: 107ms)
 GET /dashboard/inbox 200 in 97ms (next.js: 8ms, application-code: 88ms)
  Reload env: .env.local
 GET /login 200 in 585ms (next.js: 271ms, application-code: 314ms)
[?25h
